symbol,sentiment_label,count,Date
AAPL,Negative,15,2026-01-02
AAPL,Neutral,27,2026-01-02
AAPL,Positive,37,2026-01-02
ADBE,Negative,1,2026-01-02
ADBE,Neutral,7,2026-01-02
ADBE,Positive,9,2026-01-02
ADSK,Neutral,3,2026-01-02
ADSK,Positive,3,2026-01-02
AMD,Negative,1,2026-01-02
AMD,Neutral,9,2026-01-02
AMD,Positive,18,2026-01-02
AMZN,Negative,9,2026-01-02
AMZN,Neutral,41,2026-01-02
AMZN,Positive,33,2026-01-02
ANET,Neutral,2,2026-01-02
ANET,Positive,4,2026-01-02
APH,Negative,1,2026-01-02
APH,Neutral,2,2026-01-02
APH,Positive,2,2026-01-02
APP,Negative,1,2026-01-02
APP,Neutral,4,2026-01-02
APP,Positive,7,2026-01-02
ARM,Negative,1,2026-01-02
ARM,Positive,1,2026-01-02
ASML,Negative,1,2026-01-02
ASML,Neutral,1,2026-01-02
ASML,Positive,5,2026-01-02
AVGO,Negative,8,2026-01-02
AVGO,Neutral,7,2026-01-02
AVGO,Positive,20,2026-01-02
AXON,Negative,1,2026-01-02
AXON,Neutral,2,2026-01-02
AXON,Positive,4,2026-01-02
BAC,Negative,5,2026-01-02
BAC,Neutral,7,2026-01-02
BAC,Positive,20,2026-01-02
BIIB,Neutral,1,2026-01-02
BLK,Negative,1,2026-01-02
BLK,Neutral,14,2026-01-02
BLK,Positive,6,2026-01-02
CBRE,Positive,1,2026-01-02
CDNS,Neutral,2,2026-01-02
CDNS,Positive,2,2026-01-02
COF,Neutral,5,2026-01-02
COF,Positive,3,2026-01-02
COIN,Negative,8,2026-01-02
COIN,Neutral,19,2026-01-02
COIN,Positive,15,2026-01-02
CRM,Negative,1,2026-01-02
CRM,Neutral,6,2026-01-02
CRM,Positive,18,2026-01-02
CRWD,Neutral,6,2026-01-02
CRWD,Positive,8,2026-01-02
CRWV,Neutral,1,2026-01-02
CRWV,Positive,2,2026-01-02
CSGP,Neutral,1,2026-01-02
CTSH,Positive,2,2026-01-02
CVLT,Negative,1,2026-01-02
CVLT,Neutral,1,2026-01-02
CVLT,Positive,1,2026-01-02
DASH,Positive,4,2026-01-02
DDOG,Negative,1,2026-01-02
DDOG,Neutral,2,2026-01-02
DDOG,Positive,1,2026-01-02
ELV,Negative,2,2026-01-02
ELV,Positive,3,2026-01-02
FANG,Neutral,1,2026-01-02
FLEX,Neutral,2,2026-01-02
FLEX,Positive,2,2026-01-02
FTNT,Positive,2,2026-01-02
GLW,Neutral,2,2026-01-02
GLW,Positive,2,2026-01-02
GOOGL,Negative,2,2026-01-02
GOOGL,Neutral,21,2026-01-02
GOOGL,Positive,27,2026-01-02
GTLB,Negative,1,2026-01-02
HIMS,Negative,2,2026-01-02
HIMS,Neutral,2,2026-01-02
HIMS,Positive,6,2026-01-02
HOOD,Negative,5,2026-01-02
HOOD,Neutral,8,2026-01-02
HOOD,Positive,18,2026-01-02
INTC,Negative,11,2026-01-02
INTC,Neutral,21,2026-01-02
INTC,Positive,25,2026-01-02
INTU,Negative,2,2026-01-02
INTU,Neutral,1,2026-01-02
INTU,Positive,4,2026-01-02
IONQ,Negative,1,2026-01-02
IONQ,Neutral,3,2026-01-02
IONQ,Positive,8,2026-01-02
ISRG,Negative,1,2026-01-02
ISRG,Positive,7,2026-01-02
IT,Neutral,2,2026-01-02
IT,Positive,2,2026-01-02
KLAC,Negative,1,2026-01-02
KLAC,Neutral,1,2026-01-02
KLAC,Positive,4,2026-01-02
LLY,Negative,5,2026-01-02
LLY,Neutral,11,2026-01-02
LLY,Positive,19,2026-01-02
LRCX,Neutral,6,2026-01-02
LRCX,Positive,10,2026-01-02
MCK,Neutral,1,2026-01-02
MCK,Positive,4,2026-01-02
META,Negative,7,2026-01-02
META,Neutral,35,2026-01-02
META,Positive,25,2026-01-02
MPWR,Neutral,2,2026-01-02
MPWR,Positive,4,2026-01-02
MRK,Negative,3,2026-01-02
MRK,Positive,5,2026-01-02
MRVL,Negative,1,2026-01-02
MRVL,Neutral,2,2026-01-02
MRVL,Positive,8,2026-01-02
MSFT,Negative,6,2026-01-02
MSFT,Neutral,11,2026-01-02
MSFT,Positive,32,2026-01-02
MU,Negative,6,2026-01-02
MU,Neutral,15,2026-01-02
MU,Positive,40,2026-01-02
NBIS,Negative,3,2026-01-02
NBIS,Neutral,2,2026-01-02
NBIS,Positive,11,2026-01-02
NET,Positive,1,2026-01-02
NFLX,Negative,4,2026-01-02
NFLX,Neutral,12,2026-01-02
NFLX,Positive,12,2026-01-02
NOW,Negative,6,2026-01-02
NOW,Neutral,16,2026-01-02
NOW,Positive,12,2026-01-02
NSC,Positive,2,2026-01-02
NVDA,Negative,16,2026-01-02
NVDA,Neutral,47,2026-01-02
NVDA,Positive,57,2026-01-02
ORCL,Negative,9,2026-01-02
ORCL,Neutral,11,2026-01-02
ORCL,Positive,14,2026-01-02
PANW,Negative,1,2026-01-02
PANW,Neutral,6,2026-01-02
PANW,Positive,5,2026-01-02
PAYX,Negative,1,2026-01-02
PAYX,Neutral,1,2026-01-02
PAYX,Positive,2,2026-01-02
PCTY,Negative,1,2026-01-02
PCTY,Positive,1,2026-01-02
PLTR,Negative,4,2026-01-02
PLTR,Neutral,16,2026-01-02
PLTR,Positive,36,2026-01-02
POOL,Neutral,1,2026-01-02
POOL,Positive,1,2026-01-02
PWR,Negative,1,2026-01-02
PWR,Positive,3,2026-01-02
RCL,Negative,2,2026-01-02
RCL,Neutral,1,2026-01-02
RCL,Positive,4,2026-01-02
REGN,Positive,5,2026-01-02
RTX,Neutral,5,2026-01-02
RTX,Positive,7,2026-01-02
SHOP,Neutral,2,2026-01-02
SHOP,Positive,9,2026-01-02
SNOW,Negative,2,2026-01-02
SNOW,Neutral,4,2026-01-02
SNOW,Positive,6,2026-01-02
SOFI,Negative,1,2026-01-02
SOFI,Neutral,1,2026-01-02
SOFI,Positive,2,2026-01-02
SOUN,Positive,2,2026-01-02
TEAM,Negative,1,2026-01-02
TEAM,Positive,4,2026-01-02
TMO,Negative,1,2026-01-02
TMO,Neutral,3,2026-01-02
TMO,Positive,4,2026-01-02
TSLA,Negative,30,2026-01-02
TSLA,Neutral,31,2026-01-02
TSLA,Positive,43,2026-01-02
TTD,Negative,1,2026-01-02
TTD,Neutral,4,2026-01-02
TTD,Positive,2,2026-01-02
TWLO,Neutral,2,2026-01-02
TWLO,Positive,2,2026-01-02
TXN,Negative,1,2026-01-02
TXN,Neutral,3,2026-01-02
TYL,Positive,1,2026-01-02
UBER,Negative,3,2026-01-02
UBER,Neutral,9,2026-01-02
UBER,Positive,7,2026-01-02
UNH,Negative,4,2026-01-02
UNH,Neutral,5,2026-01-02
UNH,Positive,5,2026-01-02
UPST,Negative,2,2026-01-02
UPST,Neutral,3,2026-01-02
UPST,Positive,3,2026-01-02
VEEV,Negative,2,2026-01-02
VEEV,Neutral,2,2026-01-02
VRT,Positive,3,2026-01-02
WAT,Neutral,1,2026-01-02
WDAY,Positive,1,2026-01-02
ZS,Negative,1,2026-01-02
ZS,Neutral,2,2026-01-02
ZS,Positive,2,2026-01-02
AAPL,Negative,21,2026-01-01
AAPL,Neutral,50,2026-01-01
AAPL,Positive,48,2026-01-01
ADBE,Negative,21,2026-01-01
ADBE,Neutral,43,2026-01-01
ADBE,Positive,79,2026-01-01
ADSK,Negative,1,2026-01-01
ADSK,Neutral,8,2026-01-01
ADSK,Positive,19,2026-01-01
AMD,Negative,5,2026-01-01
AMD,Neutral,17,2026-01-01
AMD,Positive,35,2026-01-01
AMZN,Negative,15,2026-01-01
AMZN,Neutral,38,2026-01-01
AMZN,Positive,46,2026-01-01
ANET,Negative,5,2026-01-01
ANET,Neutral,17,2026-01-01
ANET,Positive,36,2026-01-01
APH,Negative,3,2026-01-01
APH,Neutral,11,2026-01-01
APH,Positive,23,2026-01-01
APP,Negative,5,2026-01-01
APP,Neutral,13,2026-01-01
APP,Positive,45,2026-01-01
ARM,Negative,3,2026-01-01
ARM,Neutral,17,2026-01-01
ARM,Positive,12,2026-01-01
ASML,Negative,9,2026-01-01
ASML,Neutral,12,2026-01-01
ASML,Positive,43,2026-01-01
AVGO,Negative,20,2026-01-01
AVGO,Neutral,16,2026-01-01
AVGO,Positive,50,2026-01-01
AXON,Negative,5,2026-01-01
AXON,Neutral,7,2026-01-01
AXON,Positive,30,2026-01-01
BAC,Negative,14,2026-01-01
BAC,Neutral,51,2026-01-01
BAC,Positive,70,2026-01-01
BIIB,Negative,4,2026-01-01
BIIB,Neutral,24,2026-01-01
BIIB,Positive,14,2026-01-01
BLK,Negative,10,2026-01-01
BLK,Neutral,74,2026-01-01
BLK,Positive,31,2026-01-01
CBRE,Negative,2,2026-01-01
CBRE,Neutral,6,2026-01-01
CBRE,Positive,12,2026-01-01
CDNS,Negative,4,2026-01-01
CDNS,Neutral,10,2026-01-01
CDNS,Positive,18,2026-01-01
CDW,Negative,4,2026-01-01
CDW,Neutral,5,2026-01-01
CDW,Positive,3,2026-01-01
COF,Negative,5,2026-01-01
COF,Neutral,19,2026-01-01
COF,Positive,22,2026-01-01
COIN,Negative,28,2026-01-01
COIN,Neutral,91,2026-01-01
COIN,Positive,48,2026-01-01
CRM,Negative,9,2026-01-01
CRM,Neutral,39,2026-01-01
CRM,Positive,82,2026-01-01
CRWD,Negative,8,2026-01-01
CRWD,Neutral,26,2026-01-01
CRWD,Positive,59,2026-01-01
CRWV,Negative,11,2026-01-01
CRWV,Neutral,6,2026-01-01
CRWV,Positive,19,2026-01-01
CSGP,Negative,4,2026-01-01
CSGP,Neutral,19,2026-01-01
CSGP,Positive,4,2026-01-01
CTSH,Negative,3,2026-01-01
CTSH,Neutral,8,2026-01-01
CTSH,Positive,29,2026-01-01
CVLT,Negative,5,2026-01-01
CVLT,Neutral,8,2026-01-01
CVLT,Positive,11,2026-01-01
DASH,Negative,5,2026-01-01
DASH,Neutral,29,2026-01-01
DASH,Positive,20,2026-01-01
DDOG,Negative,3,2026-01-01
DDOG,Neutral,16,2026-01-01
DDOG,Positive,17,2026-01-01
ELV,Negative,7,2026-01-01
ELV,Neutral,12,2026-01-01
ELV,Positive,18,2026-01-01
ENPH,Negative,3,2026-01-01
ENPH,Neutral,16,2026-01-01
ENPH,Positive,11,2026-01-01
FANG,Negative,3,2026-01-01
FANG,Neutral,6,2026-01-01
FANG,Positive,15,2026-01-01
FLEX,Negative,2,2026-01-01
FLEX,Neutral,10,2026-01-01
FLEX,Positive,16,2026-01-01
FTNT,Negative,15,2026-01-01
FTNT,Neutral,12,2026-01-01
FTNT,Positive,15,2026-01-01
GLW,Neutral,8,2026-01-01
GLW,Positive,13,2026-01-01
GOOGL,Negative,4,2026-01-01
GOOGL,Neutral,34,2026-01-01
GOOGL,Positive,34,2026-01-01
GTLB,Negative,3,2026-01-01
GTLB,Neutral,4,2026-01-01
GTLB,Positive,3,2026-01-01
HIMS,Negative,7,2026-01-01
HIMS,Neutral,20,2026-01-01
HIMS,Positive,32,2026-01-01
HOOD,Negative,22,2026-01-01
HOOD,Neutral,55,2026-01-01
HOOD,Positive,54,2026-01-01
HUBS,Negative,2,2026-01-01
HUBS,Neutral,5,2026-01-01
HUBS,Positive,9,2026-01-01
INTC,Negative,28,2026-01-01
INTC,Neutral,60,2026-01-01
INTC,Positive,59,2026-01-01
INTU,Negative,5,2026-01-01
INTU,Neutral,18,2026-01-01
INTU,Positive,29,2026-01-01
IONQ,Negative,1,2026-01-01
IONQ,Neutral,9,2026-01-01
IONQ,Positive,20,2026-01-01
ISRG,Negative,7,2026-01-01
ISRG,Neutral,10,2026-01-01
ISRG,Positive,36,2026-01-01
IT,Negative,4,2026-01-01
IT,Neutral,17,2026-01-01
IT,Positive,19,2026-01-01
JOBY,Negative,6,2026-01-01
JOBY,Neutral,11,2026-01-01
JOBY,Positive,17,2026-01-01
KLAC,Negative,3,2026-01-01
KLAC,Neutral,8,2026-01-01
KLAC,Positive,31,2026-01-01
KVYO,Neutral,9,2026-01-01
KVYO,Positive,8,2026-01-01
LLY,Negative,8,2026-01-01
LLY,Neutral,32,2026-01-01
LLY,Positive,72,2026-01-01
LRCX,Negative,1,2026-01-01
LRCX,Neutral,19,2026-01-01
LRCX,Positive,47,2026-01-01
MCK,Negative,2,2026-01-01
MCK,Neutral,5,2026-01-01
MCK,Positive,17,2026-01-01
META,Negative,8,2026-01-01
META,Neutral,65,2026-01-01
META,Positive,47,2026-01-01
MPWR,Negative,3,2026-01-01
MPWR,Neutral,10,2026-01-01
MPWR,Positive,19,2026-01-01
MRK,Negative,6,2026-01-01
MRK,Neutral,19,2026-01-01
MRK,Positive,56,2026-01-01
MRVL,Negative,20,2026-01-01
MRVL,Neutral,17,2026-01-01
MRVL,Positive,71,2026-01-01
MSFT,Negative,12,2026-01-01
MSFT,Neutral,26,2026-01-01
MSFT,Positive,53,2026-01-01
MU,Negative,17,2026-01-01
MU,Neutral,25,2026-01-01
MU,Positive,96,2026-01-01
NBIS,Negative,9,2026-01-01
NBIS,Neutral,10,2026-01-01
NBIS,Positive,42,2026-01-01
NET,Negative,5,2026-01-01
NET,Neutral,7,2026-01-01
NET,Positive,5,2026-01-01
NFLX,Negative,26,2026-01-01
NFLX,Neutral,86,2026-01-01
NFLX,Positive,51,2026-01-01
NOW,Negative,24,2026-01-01
NOW,Neutral,47,2026-01-01
NOW,Positive,55,2026-01-01
NSC,Negative,10,2026-01-01
NSC,Neutral,24,2026-01-01
NSC,Positive,14,2026-01-01
NVDA,Negative,20,2026-01-01
NVDA,Neutral,54,2026-01-01
NVDA,Positive,66,2026-01-01
ORCL,Negative,27,2026-01-01
ORCL,Neutral,39,2026-01-01
ORCL,Positive,39,2026-01-01
PANW,Negative,3,2026-01-01
PANW,Neutral,25,2026-01-01
PANW,Positive,29,2026-01-01
PAYX,Negative,12,2026-01-01
PAYX,Neutral,28,2026-01-01
PAYX,Positive,23,2026-01-01
PCTY,Negative,3,2026-01-01
PCTY,Neutral,4,2026-01-01
PCTY,Positive,3,2026-01-01
PLTR,Negative,15,2026-01-01
PLTR,Neutral,44,2026-01-01
PLTR,Positive,91,2026-01-01
POOL,Neutral,7,2026-01-01
POOL,Positive,5,2026-01-01
PWR,Negative,2,2026-01-01
PWR,Neutral,4,2026-01-01
PWR,Positive,18,2026-01-01
RCL,Negative,7,2026-01-01
RCL,Neutral,12,2026-01-01
RCL,Positive,19,2026-01-01
REGN,Negative,2,2026-01-01
REGN,Neutral,8,2026-01-01
REGN,Positive,17,2026-01-01
RTX,Negative,5,2026-01-01
RTX,Neutral,18,2026-01-01
RTX,Positive,33,2026-01-01
SHOP,Negative,3,2026-01-01
SHOP,Neutral,16,2026-01-01
SHOP,Positive,49,2026-01-01
SNOW,Negative,7,2026-01-01
SNOW,Neutral,20,2026-01-01
SNOW,Positive,19,2026-01-01
SOFI,Negative,5,2026-01-01
SOFI,Neutral,17,2026-01-01
SOFI,Positive,19,2026-01-01
SOUN,Negative,5,2026-01-01
SOUN,Neutral,11,2026-01-01
SOUN,Positive,23,2026-01-01
TEAM,Negative,4,2026-01-01
TEAM,Neutral,15,2026-01-01
TEAM,Positive,21,2026-01-01
TEM,Negative,2,2026-01-01
TEM,Neutral,5,2026-01-01
TEM,Positive,8,2026-01-01
TMO,Negative,1,2026-01-01
TMO,Neutral,10,2026-01-01
TMO,Positive,27,2026-01-01
TMUS,Neutral,1,2026-01-01
TSLA,Negative,37,2026-01-01
TSLA,Neutral,54,2026-01-01
TSLA,Positive,66,2026-01-01
TTD,Negative,23,2026-01-01
TTD,Neutral,20,2026-01-01
TTD,Positive,22,2026-01-01
TWLO,Negative,3,2026-01-01
TWLO,Neutral,16,2026-01-01
TWLO,Positive,16,2026-01-01
TXN,Negative,8,2026-01-01
TXN,Neutral,14,2026-01-01
TXN,Positive,13,2026-01-01
TYL,Negative,1,2026-01-01
TYL,Neutral,8,2026-01-01
TYL,Positive,12,2026-01-01
UBER,Negative,18,2026-01-01
UBER,Neutral,57,2026-01-01
UBER,Positive,55,2026-01-01
UI,Negative,1,2026-01-01
UI,Neutral,13,2026-01-01
UI,Positive,3,2026-01-01
UNH,Negative,13,2026-01-01
UNH,Neutral,21,2026-01-01
UNH,Positive,34,2026-01-01
UPST,Negative,1,2026-01-01
UPST,Neutral,6,2026-01-01
UPST,Positive,3,2026-01-01
VEEV,Negative,6,2026-01-01
VEEV,Neutral,8,2026-01-01
VEEV,Positive,11,2026-01-01
VRT,Negative,3,2026-01-01
VRT,Neutral,8,2026-01-01
VRT,Positive,16,2026-01-01
WAT,Negative,4,2026-01-01
WAT,Neutral,12,2026-01-01
WAT,Positive,5,2026-01-01
WDAY,Negative,7,2026-01-01
WDAY,Neutral,6,2026-01-01
WDAY,Positive,12,2026-01-01
ZS,Negative,3,2026-01-01
ZS,Neutral,16,2026-01-01
ZS,Positive,15,2026-01-01
AAPL,Negative,18,2025-12-31
AAPL,Neutral,53,2025-12-31
AAPL,Positive,47,2025-12-31
ADBE,Negative,20,2025-12-31
ADBE,Neutral,42,2025-12-31
ADBE,Positive,82,2025-12-31
ADSK,Negative,1,2025-12-31
ADSK,Neutral,9,2025-12-31
ADSK,Positive,21,2025-12-31
AMD,Negative,5,2025-12-31
AMD,Neutral,15,2025-12-31
AMD,Positive,31,2025-12-31
AMZN,Negative,16,2025-12-31
AMZN,Neutral,39,2025-12-31
AMZN,Positive,47,2025-12-31
ANET,Negative,5,2025-12-31
ANET,Neutral,20,2025-12-31
ANET,Positive,37,2025-12-31
APH,Negative,2,2025-12-31
APH,Neutral,11,2025-12-31
APH,Positive,22,2025-12-31
APP,Negative,5,2025-12-31
APP,Neutral,17,2025-12-31
APP,Positive,45,2025-12-31
ARM,Negative,3,2025-12-31
ARM,Neutral,17,2025-12-31
ARM,Positive,13,2025-12-31
ASML,Negative,10,2025-12-31
ASML,Neutral,12,2025-12-31
ASML,Positive,43,2025-12-31
AVGO,Negative,21,2025-12-31
AVGO,Neutral,16,2025-12-31
AVGO,Positive,51,2025-12-31
AXON,Negative,5,2025-12-31
AXON,Neutral,8,2025-12-31
AXON,Positive,31,2025-12-31
BAC,Negative,17,2025-12-31
BAC,Neutral,57,2025-12-31
BAC,Positive,73,2025-12-31
BIIB,Negative,5,2025-12-31
BIIB,Neutral,28,2025-12-31
BIIB,Positive,15,2025-12-31
BLK,Negative,10,2025-12-31
BLK,Neutral,74,2025-12-31
BLK,Positive,31,2025-12-31
CBRE,Negative,3,2025-12-31
CBRE,Neutral,6,2025-12-31
CBRE,Positive,13,2025-12-31
CDNS,Negative,4,2025-12-31
CDNS,Neutral,13,2025-12-31
CDNS,Positive,18,2025-12-31
CDW,Negative,4,2025-12-31
CDW,Neutral,5,2025-12-31
CDW,Positive,3,2025-12-31
COF,Negative,6,2025-12-31
COF,Neutral,19,2025-12-31
COF,Positive,26,2025-12-31
COIN,Negative,26,2025-12-31
COIN,Neutral,93,2025-12-31
COIN,Positive,49,2025-12-31
CRM,Negative,9,2025-12-31
CRM,Neutral,38,2025-12-31
CRM,Positive,80,2025-12-31
CRWD,Negative,10,2025-12-31
CRWD,Neutral,37,2025-12-31
CRWD,Positive,77,2025-12-31
CRWV,Negative,11,2025-12-31
CRWV,Neutral,5,2025-12-31
CRWV,Positive,22,2025-12-31
CSGP,Negative,4,2025-12-31
CSGP,Neutral,19,2025-12-31
CSGP,Positive,4,2025-12-31
CTSH,Negative,3,2025-12-31
CTSH,Neutral,8,2025-12-31
CTSH,Positive,29,2025-12-31
CVLT,Negative,5,2025-12-31
CVLT,Neutral,8,2025-12-31
CVLT,Positive,12,2025-12-31
DASH,Negative,6,2025-12-31
DASH,Neutral,35,2025-12-31
DASH,Positive,21,2025-12-31
DDOG,Negative,3,2025-12-31
DDOG,Neutral,17,2025-12-31
DDOG,Positive,21,2025-12-31
ELV,Negative,8,2025-12-31
ELV,Neutral,12,2025-12-31
ELV,Positive,19,2025-12-31
ENPH,Negative,3,2025-12-31
ENPH,Neutral,16,2025-12-31
ENPH,Positive,12,2025-12-31
FANG,Negative,3,2025-12-31
FANG,Neutral,5,2025-12-31
FANG,Positive,15,2025-12-31
FLEX,Negative,2,2025-12-31
FLEX,Neutral,9,2025-12-31
FLEX,Positive,17,2025-12-31
FTNT,Negative,15,2025-12-31
FTNT,Neutral,12,2025-12-31
FTNT,Positive,19,2025-12-31
GLW,Neutral,8,2025-12-31
GLW,Positive,13,2025-12-31
GOOGL,Negative,4,2025-12-31
GOOGL,Neutral,35,2025-12-31
GOOGL,Positive,38,2025-12-31
GTLB,Negative,3,2025-12-31
GTLB,Neutral,6,2025-12-31
GTLB,Positive,3,2025-12-31
HIMS,Negative,9,2025-12-31
HIMS,Neutral,20,2025-12-31
HIMS,Positive,32,2025-12-31
HOOD,Negative,21,2025-12-31
HOOD,Neutral,61,2025-12-31
HOOD,Positive,54,2025-12-31
HUBS,Negative,2,2025-12-31
HUBS,Neutral,5,2025-12-31
HUBS,Positive,8,2025-12-31
INTC,Negative,28,2025-12-31
INTC,Neutral,58,2025-12-31
INTC,Positive,52,2025-12-31
INTU,Negative,5,2025-12-31
INTU,Neutral,20,2025-12-31
INTU,Positive,29,2025-12-31
IONQ,Negative,1,2025-12-31
IONQ,Neutral,9,2025-12-31
IONQ,Positive,20,2025-12-31
ISRG,Negative,8,2025-12-31
ISRG,Neutral,12,2025-12-31
ISRG,Positive,39,2025-12-31
IT,Negative,4,2025-12-31
IT,Neutral,16,2025-12-31
IT,Positive,20,2025-12-31
JOBY,Negative,8,2025-12-31
JOBY,Neutral,11,2025-12-31
JOBY,Positive,17,2025-12-31
KLAC,Negative,2,2025-12-31
KLAC,Neutral,10,2025-12-31
KLAC,Positive,32,2025-12-31
KVYO,Neutral,10,2025-12-31
KVYO,Positive,10,2025-12-31
LLY,Negative,8,2025-12-31
LLY,Neutral,32,2025-12-31
LLY,Positive,75,2025-12-31
LRCX,Negative,2,2025-12-31
LRCX,Neutral,19,2025-12-31
LRCX,Positive,44,2025-12-31
MCK,Negative,3,2025-12-31
MCK,Neutral,7,2025-12-31
MCK,Positive,15,2025-12-31
META,Negative,7,2025-12-31
META,Neutral,62,2025-12-31
META,Positive,44,2025-12-31
MPWR,Negative,4,2025-12-31
MPWR,Neutral,8,2025-12-31
MPWR,Positive,19,2025-12-31
MRK,Negative,9,2025-12-31
MRK,Neutral,20,2025-12-31
MRK,Positive,60,2025-12-31
MRVL,Negative,20,2025-12-31
MRVL,Neutral,25,2025-12-31
MRVL,Positive,86,2025-12-31
MSFT,Negative,12,2025-12-31
MSFT,Neutral,28,2025-12-31
MSFT,Positive,50,2025-12-31
MU,Negative,16,2025-12-31
MU,Neutral,25,2025-12-31
MU,Positive,99,2025-12-31
NBIS,Negative,9,2025-12-31
NBIS,Neutral,10,2025-12-31
NBIS,Positive,39,2025-12-31
NET,Negative,5,2025-12-31
NET,Neutral,6,2025-12-31
NET,Positive,6,2025-12-31
NFLX,Negative,25,2025-12-31
NFLX,Neutral,87,2025-12-31
NFLX,Positive,53,2025-12-31
NOW,Negative,24,2025-12-31
NOW,Neutral,46,2025-12-31
NOW,Positive,61,2025-12-31
NSC,Negative,10,2025-12-31
NSC,Neutral,25,2025-12-31
NSC,Positive,16,2025-12-31
NVDA,Negative,18,2025-12-31
NVDA,Neutral,55,2025-12-31
NVDA,Positive,64,2025-12-31
ORCL,Negative,31,2025-12-31
ORCL,Neutral,40,2025-12-31
ORCL,Positive,41,2025-12-31
PANW,Negative,4,2025-12-31
PANW,Neutral,27,2025-12-31
PANW,Positive,31,2025-12-31
PAYX,Negative,13,2025-12-31
PAYX,Neutral,28,2025-12-31
PAYX,Positive,24,2025-12-31
PCTY,Negative,3,2025-12-31
PCTY,Neutral,4,2025-12-31
PCTY,Positive,3,2025-12-31
PLTR,Negative,15,2025-12-31
PLTR,Neutral,47,2025-12-31
PLTR,Positive,90,2025-12-31
POOL,Neutral,7,2025-12-31
POOL,Positive,4,2025-12-31
PWR,Neutral,7,2025-12-31
PWR,Positive,17,2025-12-31
RCL,Negative,7,2025-12-31
RCL,Neutral,12,2025-12-31
RCL,Positive,20,2025-12-31
REGN,Negative,2,2025-12-31
REGN,Neutral,12,2025-12-31
REGN,Positive,20,2025-12-31
RTX,Negative,3,2025-12-31
RTX,Neutral,15,2025-12-31
RTX,Positive,38,2025-12-31
SHOP,Negative,10,2025-12-31
SHOP,Neutral,22,2025-12-31
SHOP,Positive,53,2025-12-31
SNOW,Negative,7,2025-12-31
SNOW,Neutral,17,2025-12-31
SNOW,Positive,16,2025-12-31
SOFI,Negative,5,2025-12-31
SOFI,Neutral,17,2025-12-31
SOFI,Positive,19,2025-12-31
SOUN,Negative,5,2025-12-31
SOUN,Neutral,11,2025-12-31
SOUN,Positive,23,2025-12-31
TEAM,Negative,4,2025-12-31
TEAM,Neutral,17,2025-12-31
TEAM,Positive,20,2025-12-31
TEM,Negative,2,2025-12-31
TEM,Neutral,5,2025-12-31
TEM,Positive,7,2025-12-31
TMO,Neutral,9,2025-12-31
TMO,Positive,29,2025-12-31
TMUS,Neutral,1,2025-12-31
TSLA,Negative,35,2025-12-31
TSLA,Neutral,60,2025-12-31
TSLA,Positive,69,2025-12-31
TTD,Negative,23,2025-12-31
TTD,Neutral,19,2025-12-31
TTD,Positive,21,2025-12-31
TWLO,Negative,4,2025-12-31
TWLO,Neutral,15,2025-12-31
TWLO,Positive,16,2025-12-31
TXN,Negative,8,2025-12-31
TXN,Neutral,15,2025-12-31
TXN,Positive,14,2025-12-31
TYL,Negative,1,2025-12-31
TYL,Neutral,9,2025-12-31
TYL,Positive,12,2025-12-31
UBER,Negative,20,2025-12-31
UBER,Neutral,56,2025-12-31
UBER,Positive,58,2025-12-31
UI,Negative,1,2025-12-31
UI,Neutral,13,2025-12-31
UI,Positive,3,2025-12-31
UNH,Negative,17,2025-12-31
UNH,Neutral,23,2025-12-31
UNH,Positive,36,2025-12-31
UPST,Negative,2,2025-12-31
UPST,Neutral,5,2025-12-31
UPST,Positive,3,2025-12-31
VEEV,Negative,6,2025-12-31
VEEV,Neutral,8,2025-12-31
VEEV,Positive,11,2025-12-31
VRT,Negative,3,2025-12-31
VRT,Neutral,12,2025-12-31
VRT,Positive,19,2025-12-31
WAT,Negative,4,2025-12-31
WAT,Neutral,13,2025-12-31
WAT,Positive,5,2025-12-31
WDAY,Negative,9,2025-12-31
WDAY,Neutral,6,2025-12-31
WDAY,Positive,12,2025-12-31
ZS,Negative,3,2025-12-31
ZS,Neutral,19,2025-12-31
ZS,Positive,23,2025-12-31
A,Negative,1,2025-12-29
A,Neutral,8,2025-12-29
A,Positive,16,2025-12-29
AAPL,Negative,24,2025-12-29
AAPL,Neutral,50,2025-12-29
AAPL,Positive,47,2025-12-29
ABBV,Negative,6,2025-12-29
ABBV,Neutral,16,2025-12-29
ABBV,Positive,34,2025-12-29
ABT,Negative,5,2025-12-29
ABT,Neutral,10,2025-12-29
ABT,Positive,42,2025-12-29
ACN,Negative,6,2025-12-29
ACN,Neutral,34,2025-12-29
ACN,Positive,64,2025-12-29
ADBE,Negative,19,2025-12-29
ADBE,Neutral,43,2025-12-29
ADBE,Positive,82,2025-12-29
ADSK,Negative,2,2025-12-29
ADSK,Neutral,9,2025-12-29
ADSK,Positive,21,2025-12-29
AFL,Negative,7,2025-12-29
AFL,Neutral,9,2025-12-29
AFL,Positive,12,2025-12-29
ALGN,Negative,2,2025-12-29
ALGN,Neutral,4,2025-12-29
ALGN,Positive,8,2025-12-29
ALNY,Negative,2,2025-12-29
ALNY,Neutral,11,2025-12-29
ALNY,Positive,11,2025-12-29
AMAT,Negative,1,2025-12-29
AMAT,Neutral,12,2025-12-29
AMAT,Positive,37,2025-12-29
AMD,Negative,5,2025-12-29
AMD,Neutral,15,2025-12-29
AMD,Positive,29,2025-12-29
AMGN,Negative,4,2025-12-29
AMGN,Neutral,18,2025-12-29
AMGN,Positive,32,2025-12-29
AMT,Negative,5,2025-12-29
AMT,Neutral,11,2025-12-29
AMT,Positive,10,2025-12-29
AMZN,Negative,16,2025-12-29
AMZN,Neutral,38,2025-12-29
AMZN,Positive,52,2025-12-29
ANET,Negative,5,2025-12-29
ANET,Neutral,19,2025-12-29
ANET,Positive,39,2025-12-29
APH,Negative,2,2025-12-29
APH,Neutral,11,2025-12-29
APH,Positive,22,2025-12-29
APP,Negative,4,2025-12-29
APP,Neutral,16,2025-12-29
APP,Positive,46,2025-12-29
ARM,Negative,3,2025-12-29
ARM,Neutral,17,2025-12-29
ARM,Positive,13,2025-12-29
ASML,Negative,10,2025-12-29
ASML,Neutral,12,2025-12-29
ASML,Positive,45,2025-12-29
AVGO,Negative,20,2025-12-29
AVGO,Neutral,15,2025-12-29
AVGO,Positive,58,2025-12-29
AVY,Negative,1,2025-12-29
AVY,Neutral,2,2025-12-29
AVY,Positive,4,2025-12-29
AXON,Negative,5,2025-12-29
AXON,Neutral,8,2025-12-29
AXON,Positive,32,2025-12-29
AZN,Negative,2,2025-12-29
AZN,Neutral,15,2025-12-29
AZN,Positive,29,2025-12-29
BIIB,Negative,5,2025-12-29
BIIB,Neutral,28,2025-12-29
BIIB,Positive,15,2025-12-29
BLK,Negative,10,2025-12-29
BLK,Neutral,72,2025-12-29
BLK,Positive,32,2025-12-29
BSX,Negative,2,2025-12-29
BSX,Neutral,8,2025-12-29
BSX,Positive,26,2025-12-29
BX,Negative,4,2025-12-29
BX,Neutral,25,2025-12-29
BX,Positive,9,2025-12-29
C,Negative,5,2025-12-29
C,Neutral,19,2025-12-29
C,Positive,36,2025-12-29
CAT,Negative,11,2025-12-29
CAT,Neutral,15,2025-12-29
CAT,Positive,34,2025-12-29
CBRE,Negative,3,2025-12-29
CBRE,Neutral,6,2025-12-29
CBRE,Positive,13,2025-12-29
CCI,Negative,2,2025-12-29
CCI,Neutral,8,2025-12-29
CCI,Positive,8,2025-12-29
CDNS,Negative,5,2025-12-29
CDNS,Neutral,13,2025-12-29
CDNS,Positive,18,2025-12-29
CDW,Negative,4,2025-12-29
CDW,Neutral,5,2025-12-29
CDW,Positive,3,2025-12-29
CHTR,Negative,9,2025-12-29
CHTR,Neutral,12,2025-12-29
CHTR,Positive,5,2025-12-29
CMCSA,Negative,11,2025-12-29
CMCSA,Neutral,53,2025-12-29
CMCSA,Positive,31,2025-12-29
CME,Negative,8,2025-12-29
CME,Neutral,18,2025-12-29
CME,Positive,19,2025-12-29
COF,Negative,6,2025-12-29
COF,Neutral,19,2025-12-29
COF,Positive,26,2025-12-29
COIN,Negative,24,2025-12-29
COIN,Neutral,97,2025-12-29
COIN,Positive,48,2025-12-29
COST,Negative,25,2025-12-29
COST,Neutral,72,2025-12-29
COST,Positive,63,2025-12-29
CPRT,Negative,4,2025-12-29
CPRT,Neutral,11,2025-12-29
CPRT,Positive,7,2025-12-29
CRM,Negative,9,2025-12-29
CRM,Neutral,37,2025-12-29
CRM,Positive,83,2025-12-29
CRWD,Negative,10,2025-12-29
CRWD,Neutral,38,2025-12-29
CRWD,Positive,79,2025-12-29
CRWV,Negative,12,2025-12-29
CRWV,Neutral,5,2025-12-29
CRWV,Positive,21,2025-12-29
CSCO,Negative,13,2025-12-29
CSCO,Neutral,23,2025-12-29
CSCO,Positive,51,2025-12-29
CSGP,Negative,4,2025-12-29
CSGP,Neutral,19,2025-12-29
CSGP,Positive,4,2025-12-29
CTSH,Negative,3,2025-12-29
CTSH,Neutral,8,2025-12-29
CTSH,Positive,29,2025-12-29
CVLT,Negative,4,2025-12-29
CVLT,Neutral,7,2025-12-29
CVLT,Positive,12,2025-12-29
DASH,Negative,6,2025-12-29
DASH,Neutral,35,2025-12-29
DASH,Positive,20,2025-12-29
DDOG,Negative,2,2025-12-29
DDOG,Neutral,18,2025-12-29
DDOG,Positive,21,2025-12-29
DE,Negative,14,2025-12-29
DE,Neutral,21,2025-12-29
DE,Positive,20,2025-12-29
DECK,Negative,3,2025-12-29
DECK,Neutral,10,2025-12-29
DECK,Positive,12,2025-12-29
DHI,Negative,6,2025-12-29
DHI,Neutral,4,2025-12-29
DHI,Positive,2,2025-12-29
DRI,Negative,6,2025-12-29
DRI,Neutral,18,2025-12-29
DRI,Positive,30,2025-12-29
DXCM,Negative,5,2025-12-29
DXCM,Neutral,16,2025-12-29
DXCM,Positive,9,2025-12-29
EA,Negative,4,2025-12-29
EA,Neutral,10,2025-12-29
EA,Positive,4,2025-12-29
EBAY,Negative,4,2025-12-29
EBAY,Neutral,13,2025-12-29
EBAY,Positive,13,2025-12-29
ELV,Negative,7,2025-12-29
ELV,Neutral,13,2025-12-29
ELV,Positive,17,2025-12-29
ENPH,Negative,3,2025-12-29
ENPH,Neutral,16,2025-12-29
ENPH,Positive,11,2025-12-29
EQIX,Negative,3,2025-12-29
EQIX,Neutral,12,2025-12-29
EQIX,Positive,19,2025-12-29
ETSY,Negative,1,2025-12-29
ETSY,Neutral,10,2025-12-29
ETSY,Positive,5,2025-12-29
EW,Negative,1,2025-12-29
EW,Neutral,15,2025-12-29
EW,Positive,18,2025-12-29
EXAS,Neutral,3,2025-12-29
EXAS,Positive,5,2025-12-29
FDS,Negative,8,2025-12-29
FDS,Neutral,13,2025-12-29
FDS,Positive,19,2025-12-29
FERG,Negative,1,2025-12-29
FERG,Neutral,7,2025-12-29
FERG,Positive,1,2025-12-29
FFIV,Negative,5,2025-12-29
FFIV,Neutral,9,2025-12-29
FFIV,Positive,7,2025-12-29
FISV,Negative,8,2025-12-29
FISV,Neutral,18,2025-12-29
FISV,Positive,18,2025-12-29
FLEX,Negative,2,2025-12-29
FLEX,Neutral,9,2025-12-29
FLEX,Positive,17,2025-12-29
FTNT,Negative,14,2025-12-29
FTNT,Neutral,15,2025-12-29
FTNT,Positive,19,2025-12-29
FTV,Negative,1,2025-12-29
FTV,Neutral,1,2025-12-29
FTV,Positive,10,2025-12-29
GEHC,Negative,2,2025-12-29
GEHC,Neutral,17,2025-12-29
GEHC,Positive,25,2025-12-29
GLW,Neutral,7,2025-12-29
GLW,Positive,14,2025-12-29
GM,Negative,10,2025-12-29
GM,Neutral,27,2025-12-29
GM,Positive,38,2025-12-29
GOOGL,Negative,4,2025-12-29
GOOGL,Neutral,33,2025-12-29
GOOGL,Positive,33,2025-12-29
GS,Negative,21,2025-12-29
GS,Neutral,69,2025-12-29
GS,Positive,88,2025-12-29
HCA,Negative,8,2025-12-29
HCA,Neutral,15,2025-12-29
HCA,Positive,12,2025-12-29
HIMS,Negative,6,2025-12-29
HIMS,Neutral,20,2025-12-29
HIMS,Positive,31,2025-12-29
HON,Negative,12,2025-12-29
HON,Neutral,18,2025-12-29
HON,Positive,23,2025-12-29
HOOD,Negative,19,2025-12-29
HOOD,Neutral,60,2025-12-29
HOOD,Positive,53,2025-12-29
HUBS,Negative,2,2025-12-29
HUBS,Neutral,5,2025-12-29
HUBS,Positive,8,2025-12-29
HUM,Negative,7,2025-12-29
HUM,Neutral,23,2025-12-29
HUM,Positive,11,2025-12-29
IDXX,Negative,2,2025-12-29
IDXX,Neutral,4,2025-12-29
IDXX,Positive,9,2025-12-29
ILMN,Negative,1,2025-12-29
ILMN,Neutral,6,2025-12-29
ILMN,Positive,10,2025-12-29
INTC,Negative,28,2025-12-29
INTC,Neutral,56,2025-12-29
INTC,Positive,52,2025-12-29
INTU,Negative,5,2025-12-29
INTU,Neutral,20,2025-12-29
INTU,Positive,29,2025-12-29
IONQ,Negative,1,2025-12-29
IONQ,Neutral,9,2025-12-29
IONQ,Positive,21,2025-12-29
ISRG,Negative,9,2025-12-29
ISRG,Neutral,12,2025-12-29
ISRG,Positive,39,2025-12-29
IT,Negative,4,2025-12-29
IT,Neutral,16,2025-12-29
IT,Positive,21,2025-12-29
JEF,Negative,5,2025-12-29
JEF,Neutral,7,2025-12-29
JEF,Positive,31,2025-12-29
JPM,Negative,14,2025-12-29
JPM,Neutral,51,2025-12-29
JPM,Positive,29,2025-12-29
KEYS,Negative,2,2025-12-29
KEYS,Neutral,13,2025-12-29
KEYS,Positive,16,2025-12-29
KLAC,Negative,2,2025-12-29
KLAC,Neutral,10,2025-12-29
KLAC,Positive,33,2025-12-29
LBRDK,Neutral,4,2025-12-29
LBRDK,Positive,1,2025-12-29
LEN,Negative,36,2025-12-29
LEN,Neutral,32,2025-12-29
LEN,Positive,15,2025-12-29
LHX,Negative,5,2025-12-29
LHX,Neutral,8,2025-12-29
LHX,Positive,21,2025-12-29
LIN,Negative,4,2025-12-29
LIN,Neutral,9,2025-12-29
LIN,Positive,13,2025-12-29
LLY,Negative,6,2025-12-29
LLY,Neutral,31,2025-12-29
LLY,Positive,77,2025-12-29
LRCX,Negative,2,2025-12-29
LRCX,Neutral,19,2025-12-29
LRCX,Positive,45,2025-12-29
LTRX,Neutral,7,2025-12-29
LTRX,Positive,1,2025-12-29
LULU,Negative,32,2025-12-29
LULU,Neutral,68,2025-12-29
LULU,Positive,55,2025-12-29
LYV,Negative,7,2025-12-29
LYV,Neutral,5,2025-12-29
LYV,Positive,3,2025-12-29
MA,Negative,10,2025-12-29
MA,Neutral,29,2025-12-29
MA,Positive,51,2025-12-29
MCHP,Negative,2,2025-12-29
MCHP,Neutral,9,2025-12-29
MCHP,Positive,19,2025-12-29
MCK,Negative,3,2025-12-29
MCK,Neutral,6,2025-12-29
MCK,Positive,11,2025-12-29
MELI,Negative,7,2025-12-29
MELI,Neutral,6,2025-12-29
MELI,Positive,27,2025-12-29
META,Negative,8,2025-12-29
META,Neutral,43,2025-12-29
META,Positive,37,2025-12-29
MGM,Negative,1,2025-12-29
MGM,Neutral,4,2025-12-29
MGM,Positive,5,2025-12-29
MOH,Negative,7,2025-12-29
MOH,Neutral,4,2025-12-29
MOH,Positive,6,2025-12-29
MPWR,Negative,4,2025-12-29
MPWR,Neutral,6,2025-12-29
MPWR,Positive,14,2025-12-29
MRK,Negative,8,2025-12-29
MRK,Neutral,14,2025-12-29
MRK,Positive,52,2025-12-29
MRVL,Negative,20,2025-12-29
MRVL,Neutral,21,2025-12-29
MRVL,Positive,75,2025-12-29
MS,Negative,9,2025-12-29
MS,Neutral,21,2025-12-29
MS,Positive,48,2025-12-29
MSFT,Negative,9,2025-12-29
MSFT,Neutral,18,2025-12-29
MSFT,Positive,43,2025-12-29
MSI,Negative,2,2025-12-29
MSI,Neutral,5,2025-12-29
MSI,Positive,15,2025-12-29
MSTR,Negative,46,2025-12-29
MSTR,Neutral,66,2025-12-29
MSTR,Positive,46,2025-12-29
MTCH,Negative,2,2025-12-29
MTCH,Neutral,11,2025-12-29
MTCH,Positive,2,2025-12-29
MU,Negative,14,2025-12-29
MU,Neutral,17,2025-12-29
MU,Positive,95,2025-12-29
NBIS,Negative,10,2025-12-29
NBIS,Neutral,7,2025-12-29
NBIS,Positive,32,2025-12-29
NFLX,Negative,23,2025-12-29
NFLX,Neutral,74,2025-12-29
NFLX,Positive,51,2025-12-29
NOC,Negative,2,2025-12-29
NOC,Neutral,5,2025-12-29
NOC,Positive,23,2025-12-29
NOW,Negative,23,2025-12-29
NOW,Neutral,40,2025-12-29
NOW,Positive,49,2025-12-29
NSC,Negative,7,2025-12-29
NSC,Neutral,18,2025-12-29
NSC,Positive,16,2025-12-29
NVDA,Negative,15,2025-12-29
NVDA,Neutral,46,2025-12-29
NVDA,Positive,64,2025-12-29
NVTS,Negative,1,2025-12-29
NXPI,Negative,2,2025-12-29
NXPI,Neutral,5,2025-12-29
NXPI,Positive,18,2025-12-29
ODFL,Negative,8,2025-12-29
ODFL,Neutral,6,2025-12-29
ODFL,Positive,11,2025-12-29
OKTA,Negative,3,2025-12-29
OKTA,Neutral,19,2025-12-29
OKTA,Positive,26,2025-12-29
ON,Negative,9,2025-12-29
ON,Neutral,10,2025-12-29
ON,Positive,24,2025-12-29
ORCL,Negative,28,2025-12-29
ORCL,Neutral,36,2025-12-29
ORCL,Positive,41,2025-12-29
PANW,Negative,4,2025-12-29
PANW,Neutral,20,2025-12-29
PANW,Positive,25,2025-12-29
PAYX,Negative,13,2025-12-29
PAYX,Neutral,13,2025-12-29
PAYX,Positive,21,2025-12-29
PCAR,Negative,2,2025-12-29
PCAR,Neutral,6,2025-12-29
PCAR,Positive,8,2025-12-29
PCTY,Negative,3,2025-12-29
PCTY,Neutral,2,2025-12-29
PCTY,Positive,2,2025-12-29
PDD,Negative,5,2025-12-29
PDD,Neutral,5,2025-12-29
PDD,Positive,5,2025-12-29
PLD,Negative,2,2025-12-29
PLD,Neutral,5,2025-12-29
PLD,Positive,18,2025-12-29
PLTR,Negative,18,2025-12-29
PLTR,Neutral,39,2025-12-29
PLTR,Positive,83,2025-12-29
POOL,Negative,2,2025-12-29
POOL,Neutral,3,2025-12-29
POOL,Positive,4,2025-12-29
PWR,Neutral,3,2025-12-29
PWR,Positive,13,2025-12-29
QCOM,Neutral,15,2025-12-29
QCOM,Positive,34,2025-12-29
RCL,Negative,7,2025-12-29
RCL,Neutral,11,2025-12-29
RCL,Positive,15,2025-12-29
REGN,Negative,2,2025-12-29
REGN,Neutral,9,2025-12-29
REGN,Positive,17,2025-12-29
RGTI,Negative,1,2025-12-29
RGTI,Neutral,1,2025-12-29
RGTI,Positive,1,2025-12-29
RSG,Negative,1,2025-12-29
RSG,Positive,7,2025-12-29
RTX,Neutral,1,2025-12-29
RTX,Positive,7,2025-12-29
SCHW,Negative,8,2025-12-29
SCHW,Neutral,26,2025-12-29
SCHW,Positive,31,2025-12-29
SHOP,Negative,8,2025-12-29
SHOP,Neutral,16,2025-12-29
SHOP,Positive,51,2025-12-29
SMCI,Negative,10,2025-12-29
SMCI,Neutral,8,2025-12-29
SMCI,Positive,20,2025-12-29
SNOW,Negative,5,2025-12-29
SNOW,Neutral,9,2025-12-29
SNOW,Positive,13,2025-12-29
SOFI,Negative,4,2025-12-29
SOFI,Neutral,8,2025-12-29
SOFI,Positive,13,2025-12-29
SWKS,Negative,4,2025-12-29
SWKS,Neutral,2,2025-12-29
SWKS,Positive,1,2025-12-29
TEAM,Negative,5,2025-12-29
TEAM,Neutral,4,2025-12-29
TEAM,Positive,12,2025-12-29
TECH,Positive,1,2025-12-29
TGT,Negative,28,2025-12-29
TGT,Neutral,35,2025-12-29
TGT,Positive,39,2025-12-29
TMO,Neutral,8,2025-12-29
TMO,Positive,21,2025-12-29
TMUS,Neutral,1,2025-12-29
TOL,Negative,17,2025-12-29
TOL,Neutral,29,2025-12-29
TOL,Positive,15,2025-12-29
TOST,Negative,4,2025-12-29
TOST,Neutral,7,2025-12-29
TOST,Positive,9,2025-12-29
TRMB,Negative,1,2025-12-29
TRMB,Neutral,6,2025-12-29
TRMB,Positive,6,2025-12-29
TSLA,Negative,30,2025-12-29
TSLA,Neutral,48,2025-12-29
TSLA,Positive,67,2025-12-29
TTD,Negative,17,2025-12-29
TTD,Neutral,7,2025-12-29
TTD,Positive,17,2025-12-29
TXN,Negative,7,2025-12-29
TXN,Neutral,13,2025-12-29
TXN,Positive,13,2025-12-29
TYL,Negative,2,2025-12-29
TYL,Neutral,4,2025-12-29
TYL,Positive,6,2025-12-29
UI,Negative,1,2025-12-29
UI,Positive,2,2025-12-29
ULTA,Negative,3,2025-12-29
ULTA,Neutral,22,2025-12-29
ULTA,Positive,51,2025-12-29
UNH,Negative,17,2025-12-29
UNH,Neutral,19,2025-12-29
UNH,Positive,31,2025-12-29
UPST,Negative,2,2025-12-29
UPST,Positive,1,2025-12-29
URI,Negative,4,2025-12-29
URI,Neutral,5,2025-12-29
URI,Positive,4,2025-12-29
VEEV,Negative,4,2025-12-29
VEEV,Neutral,5,2025-12-29
VEEV,Positive,8,2025-12-29
VRT,Negative,1,2025-12-29
VRT,Neutral,5,2025-12-29
VRT,Positive,14,2025-12-29
VRTX,Negative,4,2025-12-29
VRTX,Neutral,10,2025-12-29
VRTX,Positive,11,2025-12-29
WAT,Negative,1,2025-12-29
WAT,Neutral,4,2025-12-29
WAT,Positive,5,2025-12-29
WBD,Negative,31,2025-12-29
WBD,Neutral,96,2025-12-29
WBD,Positive,43,2025-12-29
WDAY,Negative,9,2025-12-29
WDAY,Neutral,4,2025-12-29
WDAY,Positive,13,2025-12-29
WDC,Negative,2,2025-12-29
WDC,Neutral,11,2025-12-29
WDC,Positive,37,2025-12-29
WIX,Negative,3,2025-12-29
WIX,Neutral,5,2025-12-29
WIX,Positive,7,2025-12-29
WMT,Negative,3,2025-12-29
WMT,Neutral,9,2025-12-29
WMT,Positive,15,2025-12-29
ZM,Negative,2,2025-12-29
ZM,Neutral,6,2025-12-29
ZM,Positive,12,2025-12-29
ZS,Negative,3,2025-12-29
ZS,Neutral,9,2025-12-29
ZS,Positive,19,2025-12-29
A,Negative,1,2025-12-28
A,Neutral,8,2025-12-28
A,Positive,17,2025-12-28
AAPL,Negative,20,2025-12-28
AAPL,Neutral,51,2025-12-28
AAPL,Positive,44,2025-12-28
ABBV,Negative,6,2025-12-28
ABBV,Neutral,16,2025-12-28
ABBV,Positive,33,2025-12-28
ABT,Negative,5,2025-12-28
ABT,Neutral,9,2025-12-28
ABT,Positive,41,2025-12-28
ACN,Negative,6,2025-12-28
ACN,Neutral,34,2025-12-28
ACN,Positive,59,2025-12-28
ADBE,Negative,19,2025-12-28
ADBE,Neutral,44,2025-12-28
ADBE,Positive,81,2025-12-28
ADSK,Negative,2,2025-12-28
ADSK,Neutral,9,2025-12-28
ADSK,Positive,20,2025-12-28
AFL,Negative,7,2025-12-28
AFL,Neutral,9,2025-12-28
AFL,Positive,12,2025-12-28
ALGN,Negative,2,2025-12-28
ALGN,Neutral,4,2025-12-28
ALGN,Positive,8,2025-12-28
ALNY,Negative,2,2025-12-28
ALNY,Neutral,11,2025-12-28
ALNY,Positive,11,2025-12-28
AMAT,Negative,1,2025-12-28
AMAT,Neutral,12,2025-12-28
AMAT,Positive,36,2025-12-28
AMD,Negative,5,2025-12-28
AMD,Neutral,13,2025-12-28
AMD,Positive,28,2025-12-28
AMGN,Negative,4,2025-12-28
AMGN,Neutral,16,2025-12-28
AMGN,Positive,32,2025-12-28
AMT,Negative,5,2025-12-28
AMT,Neutral,10,2025-12-28
AMT,Positive,9,2025-12-28
AMZN,Negative,14,2025-12-28
AMZN,Neutral,35,2025-12-28
AMZN,Positive,49,2025-12-28
ANET,Negative,5,2025-12-28
ANET,Neutral,18,2025-12-28
ANET,Positive,41,2025-12-28
APH,Negative,2,2025-12-28
APH,Neutral,11,2025-12-28
APH,Positive,23,2025-12-28
APP,Negative,3,2025-12-28
APP,Neutral,16,2025-12-28
APP,Positive,46,2025-12-28
ARM,Negative,3,2025-12-28
ARM,Neutral,17,2025-12-28
ARM,Positive,12,2025-12-28
ASML,Negative,9,2025-12-28
ASML,Neutral,12,2025-12-28
ASML,Positive,41,2025-12-28
AVGO,Negative,24,2025-12-28
AVGO,Neutral,16,2025-12-28
AVGO,Positive,57,2025-12-28
AVY,Negative,1,2025-12-28
AVY,Neutral,2,2025-12-28
AVY,Positive,4,2025-12-28
AXON,Negative,5,2025-12-28
AXON,Neutral,7,2025-12-28
AXON,Positive,35,2025-12-28
AZN,Negative,2,2025-12-28
AZN,Neutral,15,2025-12-28
AZN,Positive,29,2025-12-28
BAC,Negative,15,2025-12-28
BAC,Neutral,51,2025-12-28
BAC,Positive,71,2025-12-28
BIIB,Negative,5,2025-12-28
BIIB,Neutral,28,2025-12-28
BIIB,Positive,15,2025-12-28
BLK,Negative,10,2025-12-28
BLK,Neutral,73,2025-12-28
BLK,Positive,34,2025-12-28
BSX,Negative,2,2025-12-28
BSX,Neutral,7,2025-12-28
BSX,Positive,27,2025-12-28
BX,Negative,4,2025-12-28
BX,Neutral,25,2025-12-28
BX,Positive,10,2025-12-28
C,Negative,5,2025-12-28
C,Neutral,19,2025-12-28
C,Positive,35,2025-12-28
CAT,Negative,11,2025-12-28
CAT,Neutral,15,2025-12-28
CAT,Positive,34,2025-12-28
CBRE,Negative,3,2025-12-28
CBRE,Neutral,6,2025-12-28
CBRE,Positive,13,2025-12-28
CCI,Negative,2,2025-12-28
CCI,Neutral,8,2025-12-28
CCI,Positive,7,2025-12-28
CDNS,Negative,5,2025-12-28
CDNS,Neutral,12,2025-12-28
CDNS,Positive,16,2025-12-28
CDW,Negative,4,2025-12-28
CDW,Neutral,5,2025-12-28
CDW,Positive,3,2025-12-28
CHTR,Negative,9,2025-12-28
CHTR,Neutral,11,2025-12-28
CHTR,Positive,3,2025-12-28
CMCSA,Negative,9,2025-12-28
CMCSA,Neutral,53,2025-12-28
CMCSA,Positive,30,2025-12-28
CME,Negative,7,2025-12-28
CME,Neutral,18,2025-12-28
CME,Positive,18,2025-12-28
COF,Negative,6,2025-12-28
COF,Neutral,19,2025-12-28
COF,Positive,25,2025-12-28
COIN,Negative,24,2025-12-28
COIN,Neutral,96,2025-12-28
COIN,Positive,50,2025-12-28
COST,Negative,25,2025-12-28
COST,Neutral,67,2025-12-28
COST,Positive,58,2025-12-28
CPRT,Negative,4,2025-12-28
CPRT,Neutral,11,2025-12-28
CPRT,Positive,7,2025-12-28
CRM,Negative,11,2025-12-28
CRM,Neutral,35,2025-12-28
CRM,Positive,82,2025-12-28
CRWD,Negative,10,2025-12-28
CRWD,Neutral,34,2025-12-28
CRWD,Positive,79,2025-12-28
CRWV,Negative,12,2025-12-28
CRWV,Neutral,5,2025-12-28
CRWV,Positive,21,2025-12-28
CSCO,Negative,13,2025-12-28
CSCO,Neutral,23,2025-12-28
CSCO,Positive,47,2025-12-28
CSGP,Negative,4,2025-12-28
CSGP,Neutral,20,2025-12-28
CSGP,Positive,4,2025-12-28
CTSH,Negative,4,2025-12-28
CTSH,Neutral,8,2025-12-28
CTSH,Positive,29,2025-12-28
CVLT,Negative,4,2025-12-28
CVLT,Neutral,7,2025-12-28
CVLT,Positive,12,2025-12-28
DASH,Negative,5,2025-12-28
DASH,Neutral,37,2025-12-28
DASH,Positive,20,2025-12-28
DDOG,Negative,2,2025-12-28
DDOG,Neutral,16,2025-12-28
DDOG,Positive,21,2025-12-28
DE,Negative,14,2025-12-28
DE,Neutral,19,2025-12-28
DE,Positive,20,2025-12-28
DECK,Negative,3,2025-12-28
DECK,Neutral,10,2025-12-28
DECK,Positive,11,2025-12-28
DHI,Negative,6,2025-12-28
DHI,Neutral,3,2025-12-28
DHI,Positive,2,2025-12-28
DRI,Negative,6,2025-12-28
DRI,Neutral,18,2025-12-28
DRI,Positive,30,2025-12-28
DXCM,Negative,5,2025-12-28
DXCM,Neutral,16,2025-12-28
DXCM,Positive,9,2025-12-28
EA,Negative,4,2025-12-28
EA,Neutral,10,2025-12-28
EA,Positive,4,2025-12-28
EBAY,Negative,4,2025-12-28
EBAY,Neutral,12,2025-12-28
EBAY,Positive,14,2025-12-28
ELV,Negative,7,2025-12-28
ELV,Neutral,14,2025-12-28
ELV,Positive,17,2025-12-28
ENPH,Negative,3,2025-12-28
ENPH,Neutral,16,2025-12-28
ENPH,Positive,11,2025-12-28
EQIX,Negative,3,2025-12-28
EQIX,Neutral,13,2025-12-28
EQIX,Positive,19,2025-12-28
ETSY,Negative,1,2025-12-28
ETSY,Neutral,9,2025-12-28
ETSY,Positive,5,2025-12-28
EW,Negative,1,2025-12-28
EW,Neutral,15,2025-12-28
EW,Positive,16,2025-12-28
EXAS,Neutral,4,2025-12-28
EXAS,Positive,5,2025-12-28
FANG,Negative,3,2025-12-28
FANG,Neutral,6,2025-12-28
FANG,Positive,15,2025-12-28
FDS,Negative,8,2025-12-28
FDS,Neutral,13,2025-12-28
FDS,Positive,18,2025-12-28
FERG,Negative,1,2025-12-28
FERG,Neutral,7,2025-12-28
FERG,Positive,1,2025-12-28
FFIV,Negative,5,2025-12-28
FFIV,Neutral,9,2025-12-28
FFIV,Positive,8,2025-12-28
FICO,Negative,2,2025-12-28
FICO,Neutral,6,2025-12-28
FICO,Positive,6,2025-12-28
FISV,Negative,9,2025-12-28
FISV,Neutral,17,2025-12-28
FISV,Positive,17,2025-12-28
FLEX,Negative,2,2025-12-28
FLEX,Neutral,9,2025-12-28
FLEX,Positive,17,2025-12-28
FTNT,Negative,14,2025-12-28
FTNT,Neutral,15,2025-12-28
FTNT,Positive,19,2025-12-28
FTV,Negative,1,2025-12-28
FTV,Neutral,1,2025-12-28
FTV,Positive,9,2025-12-28
GEHC,Negative,2,2025-12-28
GEHC,Neutral,15,2025-12-28
GEHC,Positive,25,2025-12-28
GILD,Negative,4,2025-12-28
GILD,Neutral,18,2025-12-28
GILD,Positive,31,2025-12-28
GLW,Neutral,7,2025-12-28
GLW,Positive,14,2025-12-28
GM,Negative,10,2025-12-28
GM,Neutral,26,2025-12-28
GM,Positive,37,2025-12-28
GOOGL,Negative,4,2025-12-28
GOOGL,Neutral,33,2025-12-28
GOOGL,Positive,26,2025-12-28
GS,Negative,21,2025-12-28
GS,Neutral,64,2025-12-28
GS,Positive,84,2025-12-28
HCA,Negative,7,2025-12-28
HCA,Neutral,14,2025-12-28
HCA,Positive,14,2025-12-28
HD,Negative,40,2025-12-28
HD,Neutral,49,2025-12-28
HD,Positive,43,2025-12-28
HIMS,Negative,6,2025-12-28
HIMS,Neutral,19,2025-12-28
HIMS,Positive,31,2025-12-28
HOLX,Negative,1,2025-12-28
HOLX,Neutral,11,2025-12-28
HOLX,Positive,8,2025-12-28
HON,Negative,12,2025-12-28
HON,Neutral,17,2025-12-28
HON,Positive,21,2025-12-28
HOOD,Negative,23,2025-12-28
HOOD,Neutral,61,2025-12-28
HOOD,Positive,49,2025-12-28
HSY,Negative,12,2025-12-28
HSY,Neutral,21,2025-12-28
HSY,Positive,14,2025-12-28
HUBS,Negative,3,2025-12-28
HUBS,Neutral,5,2025-12-28
HUBS,Positive,9,2025-12-28
HUM,Negative,7,2025-12-28
HUM,Neutral,23,2025-12-28
HUM,Positive,11,2025-12-28
IBM,Negative,3,2025-12-28
IBM,Neutral,9,2025-12-28
IBM,Positive,16,2025-12-28
IDXX,Negative,2,2025-12-28
IDXX,Neutral,3,2025-12-28
IDXX,Positive,9,2025-12-28
ILMN,Negative,1,2025-12-28
ILMN,Neutral,6,2025-12-28
ILMN,Positive,10,2025-12-28
INTC,Negative,28,2025-12-28
INTC,Neutral,54,2025-12-28
INTC,Positive,49,2025-12-28
INTU,Negative,5,2025-12-28
INTU,Neutral,19,2025-12-28
INTU,Positive,28,2025-12-28
ISRG,Negative,9,2025-12-28
ISRG,Neutral,12,2025-12-28
ISRG,Positive,38,2025-12-28
IT,Negative,4,2025-12-28
IT,Neutral,16,2025-12-28
IT,Positive,19,2025-12-28
JEF,Negative,5,2025-12-28
JEF,Neutral,6,2025-12-28
JEF,Positive,29,2025-12-28
JNJ,Negative,6,2025-12-28
JNJ,Neutral,31,2025-12-28
JNJ,Positive,40,2025-12-28
JPM,Negative,14,2025-12-28
JPM,Neutral,50,2025-12-28
JPM,Positive,32,2025-12-28
KEYS,Negative,2,2025-12-28
KEYS,Neutral,13,2025-12-28
KEYS,Positive,16,2025-12-28
KLAC,Negative,1,2025-12-28
KLAC,Neutral,6,2025-12-28
KLAC,Positive,22,2025-12-28
LEN,Negative,32,2025-12-28
LEN,Neutral,22,2025-12-28
LEN,Positive,12,2025-12-28
LHX,Negative,3,2025-12-28
LHX,Neutral,6,2025-12-28
LHX,Positive,15,2025-12-28
LIN,Negative,4,2025-12-28
LIN,Neutral,3,2025-12-28
LIN,Positive,7,2025-12-28
LLY,Negative,7,2025-12-28
LLY,Neutral,33,2025-12-28
LLY,Positive,79,2025-12-28
LRCX,Negative,2,2025-12-28
LRCX,Neutral,13,2025-12-28
LRCX,Positive,36,2025-12-28
LTRX,Neutral,1,2025-12-28
LULU,Negative,36,2025-12-28
LULU,Neutral,60,2025-12-28
LULU,Positive,56,2025-12-28
LYV,Negative,7,2025-12-28
LYV,Neutral,5,2025-12-28
LYV,Positive,3,2025-12-28
MA,Negative,10,2025-12-28
MA,Neutral,29,2025-12-28
MA,Positive,50,2025-12-28
MCHP,Negative,2,2025-12-28
MCHP,Neutral,9,2025-12-28
MCHP,Positive,19,2025-12-28
MCK,Negative,3,2025-12-28
MCK,Neutral,6,2025-12-28
MCK,Positive,11,2025-12-28
MDT,Negative,4,2025-12-28
MDT,Neutral,11,2025-12-28
MDT,Positive,21,2025-12-28
MELI,Negative,7,2025-12-28
MELI,Neutral,6,2025-12-28
MELI,Positive,26,2025-12-28
META,Negative,7,2025-12-28
META,Neutral,43,2025-12-28
META,Positive,36,2025-12-28
MGM,Negative,1,2025-12-28
MGM,Neutral,4,2025-12-28
MGM,Positive,5,2025-12-28
MOH,Negative,7,2025-12-28
MOH,Neutral,4,2025-12-28
MOH,Positive,6,2025-12-28
MPWR,Negative,4,2025-12-28
MPWR,Neutral,6,2025-12-28
MPWR,Positive,13,2025-12-28
MRK,Negative,7,2025-12-28
MRK,Neutral,14,2025-12-28
MRK,Positive,52,2025-12-28
MRVL,Negative,19,2025-12-28
MRVL,Neutral,20,2025-12-28
MRVL,Positive,73,2025-12-28
MS,Negative,8,2025-12-28
MS,Neutral,20,2025-12-28
MS,Positive,45,2025-12-28
MSFT,Negative,8,2025-12-28
MSFT,Neutral,21,2025-12-28
MSFT,Positive,43,2025-12-28
MSI,Negative,2,2025-12-28
MSI,Neutral,5,2025-12-28
MSI,Positive,15,2025-12-28
MSTR,Negative,50,2025-12-28
MSTR,Neutral,65,2025-12-28
MSTR,Positive,46,2025-12-28
MTCH,Negative,2,2025-12-28
MTCH,Neutral,11,2025-12-28
MTCH,Positive,2,2025-12-28
MU,Negative,13,2025-12-28
MU,Neutral,18,2025-12-28
MU,Positive,104,2025-12-28
NBIS,Negative,9,2025-12-28
NBIS,Neutral,7,2025-12-28
NBIS,Positive,32,2025-12-28
NFLX,Negative,27,2025-12-28
NFLX,Neutral,73,2025-12-28
NFLX,Positive,50,2025-12-28
NKE,Negative,42,2025-12-28
NKE,Neutral,48,2025-12-28
NKE,Positive,41,2025-12-28
NOC,Negative,2,2025-12-28
NOC,Neutral,5,2025-12-28
NOC,Positive,23,2025-12-28
NOW,Negative,21,2025-12-28
NOW,Neutral,38,2025-12-28
NOW,Positive,47,2025-12-28
NSC,Negative,7,2025-12-28
NSC,Neutral,18,2025-12-28
NSC,Positive,15,2025-12-28
NVDA,Negative,13,2025-12-28
NVDA,Neutral,41,2025-12-28
NVDA,Positive,73,2025-12-28
NXPI,Negative,2,2025-12-28
NXPI,Neutral,5,2025-12-28
NXPI,Positive,18,2025-12-28
ODFL,Negative,8,2025-12-28
ODFL,Neutral,6,2025-12-28
ODFL,Positive,11,2025-12-28
OKTA,Negative,3,2025-12-28
OKTA,Neutral,18,2025-12-28
OKTA,Positive,26,2025-12-28
ON,Negative,9,2025-12-28
ON,Neutral,10,2025-12-28
ON,Positive,24,2025-12-28
ORCL,Negative,29,2025-12-28
ORCL,Neutral,35,2025-12-28
ORCL,Positive,42,2025-12-28
PANW,Negative,3,2025-12-28
PANW,Neutral,20,2025-12-28
PANW,Positive,25,2025-12-28
PAYX,Negative,12,2025-12-28
PAYX,Neutral,13,2025-12-28
PAYX,Positive,20,2025-12-28
PCAR,Negative,2,2025-12-28
PCAR,Neutral,6,2025-12-28
PCAR,Positive,8,2025-12-28
PCTY,Negative,3,2025-12-28
PCTY,Neutral,2,2025-12-28
PCTY,Positive,2,2025-12-28
PDD,Negative,4,2025-12-28
PDD,Neutral,4,2025-12-28
PDD,Positive,5,2025-12-28
PEP,Negative,12,2025-12-28
PEP,Neutral,27,2025-12-28
PEP,Positive,34,2025-12-28
PFE,Negative,27,2025-12-28
PFE,Neutral,34,2025-12-28
PFE,Positive,43,2025-12-28
PG,Negative,23,2025-12-28
PG,Neutral,36,2025-12-28
PG,Positive,43,2025-12-28
PLD,Negative,2,2025-12-28
PLD,Neutral,5,2025-12-28
PLD,Positive,18,2025-12-28
PLTR,Negative,21,2025-12-28
PLTR,Neutral,38,2025-12-28
PLTR,Positive,83,2025-12-28
POOL,Negative,2,2025-12-28
POOL,Neutral,3,2025-12-28
POOL,Positive,3,2025-12-28
PWR,Neutral,3,2025-12-28
PWR,Positive,13,2025-12-28
QCOM,Neutral,14,2025-12-28
QCOM,Positive,32,2025-12-28
RCL,Negative,6,2025-12-28
RCL,Neutral,11,2025-12-28
RCL,Positive,14,2025-12-28
REGN,Negative,2,2025-12-28
REGN,Neutral,9,2025-12-28
REGN,Positive,16,2025-12-28
RMD,Neutral,6,2025-12-28
RMD,Positive,5,2025-12-28
ROST,Negative,1,2025-12-28
ROST,Neutral,2,2025-12-28
ROST,Positive,11,2025-12-28
RSG,Negative,1,2025-12-28
RSG,Positive,7,2025-12-28
RTX,Neutral,1,2025-12-28
RTX,Positive,6,2025-12-28
SCHW,Negative,8,2025-12-28
SCHW,Neutral,24,2025-12-28
SCHW,Positive,30,2025-12-28
SHOP,Negative,8,2025-12-28
SHOP,Neutral,16,2025-12-28
SHOP,Positive,51,2025-12-28
SMCI,Negative,10,2025-12-28
SMCI,Neutral,8,2025-12-28
SMCI,Positive,20,2025-12-28
SNOW,Negative,5,2025-12-28
SNOW,Neutral,9,2025-12-28
SNOW,Positive,13,2025-12-28
SOFI,Negative,3,2025-12-28
SOFI,Neutral,8,2025-12-28
SOFI,Positive,13,2025-12-28
SPGI,Negative,6,2025-12-28
SPGI,Neutral,13,2025-12-28
SPGI,Positive,9,2025-12-28
SWKS,Negative,4,2025-12-28
SWKS,Neutral,2,2025-12-28
SWKS,Positive,1,2025-12-28
TEAM,Negative,5,2025-12-28
TEAM,Neutral,4,2025-12-28
TEAM,Positive,11,2025-12-28
TECH,Positive,1,2025-12-28
TGT,Negative,27,2025-12-28
TGT,Neutral,31,2025-12-28
TGT,Positive,31,2025-12-28
TMO,Neutral,8,2025-12-28
TMO,Positive,20,2025-12-28
TMUS,Neutral,1,2025-12-28
TOL,Negative,16,2025-12-28
TOL,Neutral,29,2025-12-28
TOL,Positive,15,2025-12-28
TOST,Negative,4,2025-12-28
TOST,Neutral,7,2025-12-28
TOST,Positive,8,2025-12-28
TRMB,Negative,1,2025-12-28
TRMB,Neutral,6,2025-12-28
TRMB,Positive,6,2025-12-28
TROW,Negative,8,2025-12-28
TROW,Neutral,14,2025-12-28
TROW,Positive,23,2025-12-28
TRV,Negative,2,2025-12-28
TRV,Neutral,4,2025-12-28
TRV,Positive,21,2025-12-28
TSLA,Negative,34,2025-12-28
TSLA,Neutral,49,2025-12-28
TSLA,Positive,68,2025-12-28
TTD,Negative,17,2025-12-28
TTD,Neutral,7,2025-12-28
TTD,Positive,16,2025-12-28
TXN,Negative,7,2025-12-28
TXN,Neutral,11,2025-12-28
TXN,Positive,13,2025-12-28
TYL,Negative,2,2025-12-28
TYL,Neutral,4,2025-12-28
TYL,Positive,6,2025-12-28
UI,Negative,1,2025-12-28
UI,Positive,2,2025-12-28
ULTA,Negative,3,2025-12-28
ULTA,Neutral,22,2025-12-28
ULTA,Positive,51,2025-12-28
UNH,Negative,17,2025-12-28
UNH,Neutral,17,2025-12-28
UNH,Positive,29,2025-12-28
UPST,Negative,2,2025-12-28
UPST,Positive,1,2025-12-28
URI,Negative,4,2025-12-28
URI,Neutral,5,2025-12-28
URI,Positive,4,2025-12-28
VEEV,Negative,4,2025-12-28
VEEV,Neutral,5,2025-12-28
VEEV,Positive,8,2025-12-28
VRSK,Negative,1,2025-12-28
VRSK,Neutral,3,2025-12-28
VRSK,Positive,6,2025-12-28
VRT,Negative,1,2025-12-28
VRT,Neutral,5,2025-12-28
VRT,Positive,14,2025-12-28
VRTX,Negative,3,2025-12-28
VRTX,Neutral,10,2025-12-28
VRTX,Positive,11,2025-12-28
WAT,Negative,1,2025-12-28
WAT,Neutral,4,2025-12-28
WAT,Positive,5,2025-12-28
WBD,Negative,31,2025-12-28
WBD,Neutral,98,2025-12-28
WBD,Positive,43,2025-12-28
WDAY,Negative,9,2025-12-28
WDAY,Neutral,4,2025-12-28
WDAY,Positive,12,2025-12-28
WDC,Negative,2,2025-12-28
WDC,Neutral,8,2025-12-28
WDC,Positive,34,2025-12-28
WIX,Negative,3,2025-12-28
WIX,Neutral,5,2025-12-28
WIX,Positive,7,2025-12-28
WM,Negative,1,2025-12-28
WM,Neutral,5,2025-12-28
WM,Positive,18,2025-12-28
XEL,Negative,3,2025-12-28
XEL,Neutral,9,2025-12-28
XEL,Positive,8,2025-12-28
ZBH,Negative,4,2025-12-28
ZBH,Neutral,6,2025-12-28
ZBH,Positive,7,2025-12-28
ZM,Negative,2,2025-12-28
ZM,Neutral,6,2025-12-28
ZM,Positive,12,2025-12-28
ZS,Negative,3,2025-12-28
ZS,Neutral,9,2025-12-28
ZS,Positive,19,2025-12-28
A,Negative,1,2025-12-26
A,Neutral,7,2025-12-26
A,Positive,14,2025-12-26
AAPL,Negative,18,2025-12-26
AAPL,Neutral,44,2025-12-26
AAPL,Positive,40,2025-12-26
ABBV,Negative,5,2025-12-26
ABBV,Neutral,10,2025-12-26
ABBV,Positive,31,2025-12-26
ABT,Negative,4,2025-12-26
ABT,Neutral,6,2025-12-26
ABT,Positive,37,2025-12-26
ACN,Negative,6,2025-12-26
ACN,Neutral,29,2025-12-26
ACN,Positive,57,2025-12-26
ADBE,Negative,19,2025-12-26
ADBE,Neutral,34,2025-12-26
ADBE,Positive,77,2025-12-26
ADSK,Negative,2,2025-12-26
ADSK,Neutral,4,2025-12-26
ADSK,Positive,18,2025-12-26
AFL,Negative,6,2025-12-26
AFL,Neutral,8,2025-12-26
AFL,Positive,11,2025-12-26
ALGN,Negative,2,2025-12-26
ALGN,Neutral,5,2025-12-26
ALGN,Positive,8,2025-12-26
ALNY,Negative,2,2025-12-26
ALNY,Neutral,9,2025-12-26
ALNY,Positive,8,2025-12-26
AMAT,Negative,1,2025-12-26
AMAT,Neutral,9,2025-12-26
AMAT,Positive,32,2025-12-26
AMD,Negative,4,2025-12-26
AMD,Neutral,9,2025-12-26
AMD,Positive,22,2025-12-26
AMGN,Negative,3,2025-12-26
AMGN,Neutral,10,2025-12-26
AMGN,Positive,28,2025-12-26
AMT,Negative,6,2025-12-26
AMT,Neutral,4,2025-12-26
AMT,Positive,9,2025-12-26
AMZN,Negative,11,2025-12-26
AMZN,Neutral,32,2025-12-26
AMZN,Positive,47,2025-12-26
ANET,Negative,4,2025-12-26
ANET,Neutral,13,2025-12-26
ANET,Positive,32,2025-12-26
APH,Negative,2,2025-12-26
APH,Neutral,6,2025-12-26
APH,Positive,22,2025-12-26
APP,Negative,3,2025-12-26
APP,Neutral,11,2025-12-26
APP,Positive,41,2025-12-26
ARM,Negative,4,2025-12-26
ARM,Neutral,7,2025-12-26
ARM,Positive,11,2025-12-26
ASML,Negative,8,2025-12-26
ASML,Neutral,12,2025-12-26
ASML,Positive,45,2025-12-26
AVGO,Negative,23,2025-12-26
AVGO,Neutral,14,2025-12-26
AVGO,Positive,55,2025-12-26
AVY,Negative,1,2025-12-26
AVY,Neutral,1,2025-12-26
AVY,Positive,4,2025-12-26
AXON,Negative,4,2025-12-26
AXON,Neutral,6,2025-12-26
AXON,Positive,28,2025-12-26
AZN,Negative,2,2025-12-26
AZN,Neutral,13,2025-12-26
AZN,Positive,28,2025-12-26
BAC,Negative,15,2025-12-26
BAC,Neutral,48,2025-12-26
BAC,Positive,69,2025-12-26
BIIB,Negative,4,2025-12-26
BIIB,Neutral,15,2025-12-26
BIIB,Positive,13,2025-12-26
BKNG,Negative,2,2025-12-26
BKNG,Neutral,11,2025-12-26
BKNG,Positive,19,2025-12-26
BLK,Negative,9,2025-12-26
BLK,Neutral,67,2025-12-26
BLK,Positive,30,2025-12-26
BRK.B,Negative,6,2025-12-26
BRK.B,Neutral,22,2025-12-26
BRK.B,Positive,15,2025-12-26
BSX,Negative,2,2025-12-26
BSX,Neutral,5,2025-12-26
BSX,Positive,25,2025-12-26
BX,Negative,4,2025-12-26
BX,Neutral,18,2025-12-26
BX,Positive,10,2025-12-26
C,Negative,4,2025-12-26
C,Neutral,16,2025-12-26
C,Positive,34,2025-12-26
CAT,Negative,11,2025-12-26
CAT,Neutral,12,2025-12-26
CAT,Positive,28,2025-12-26
CBRE,Negative,2,2025-12-26
CBRE,Neutral,4,2025-12-26
CBRE,Positive,10,2025-12-26
CCI,Negative,2,2025-12-26
CCI,Neutral,2,2025-12-26
CCI,Positive,7,2025-12-26
CDNS,Negative,5,2025-12-26
CDNS,Neutral,11,2025-12-26
CDNS,Positive,8,2025-12-26
CDW,Negative,3,2025-12-26
CDW,Neutral,2,2025-12-26
CDW,Positive,3,2025-12-26
CHTR,Negative,6,2025-12-26
CHTR,Neutral,7,2025-12-26
CHTR,Positive,5,2025-12-26
CMCSA,Negative,10,2025-12-26
CMCSA,Neutral,50,2025-12-26
CMCSA,Positive,32,2025-12-26
CME,Negative,17,2025-12-26
CME,Neutral,27,2025-12-26
CME,Positive,21,2025-12-26
COF,Negative,4,2025-12-26
COF,Neutral,19,2025-12-26
COF,Positive,26,2025-12-26
COIN,Negative,22,2025-12-26
COIN,Neutral,90,2025-12-26
COIN,Positive,44,2025-12-26
COST,Negative,25,2025-12-26
COST,Neutral,47,2025-12-26
COST,Positive,57,2025-12-26
CPRT,Negative,6,2025-12-26
CPRT,Neutral,2,2025-12-26
CPRT,Positive,4,2025-12-26
CRM,Negative,8,2025-12-26
CRM,Neutral,29,2025-12-26
CRM,Positive,81,2025-12-26
CRWD,Negative,8,2025-12-26
CRWD,Neutral,34,2025-12-26
CRWD,Positive,75,2025-12-26
CRWV,Negative,6,2025-12-26
CRWV,Neutral,3,2025-12-26
CRWV,Positive,16,2025-12-26
CSCO,Negative,12,2025-12-26
CSCO,Neutral,21,2025-12-26
CSCO,Positive,36,2025-12-26
CSGP,Negative,4,2025-12-26
CSGP,Neutral,8,2025-12-26
CSGP,Positive,5,2025-12-26
CTSH,Negative,2,2025-12-26
CTSH,Neutral,6,2025-12-26
CTSH,Positive,25,2025-12-26
CVLT,Negative,4,2025-12-26
CVLT,Neutral,6,2025-12-26
CVLT,Positive,11,2025-12-26
DASH,Negative,4,2025-12-26
DASH,Neutral,23,2025-12-26
DASH,Positive,21,2025-12-26
DDOG,Negative,2,2025-12-26
DDOG,Neutral,8,2025-12-26
DDOG,Positive,17,2025-12-26
DE,Negative,15,2025-12-26
DE,Neutral,15,2025-12-26
DE,Positive,19,2025-12-26
DECK,Negative,3,2025-12-26
DECK,Neutral,6,2025-12-26
DECK,Positive,11,2025-12-26
DHI,Negative,6,2025-12-26
DHI,Neutral,1,2025-12-26
DHI,Positive,3,2025-12-26
DOCN,Neutral,1,2025-12-26
DOCN,Positive,1,2025-12-26
DRI,Negative,5,2025-12-26
DRI,Neutral,13,2025-12-26
DRI,Positive,29,2025-12-26
DXCM,Negative,4,2025-12-26
DXCM,Neutral,3,2025-12-26
DXCM,Positive,10,2025-12-26
EA,Negative,2,2025-12-26
EA,Neutral,7,2025-12-26
EA,Positive,6,2025-12-26
EBAY,Negative,4,2025-12-26
EBAY,Neutral,6,2025-12-26
EBAY,Positive,13,2025-12-26
ELV,Negative,7,2025-12-26
ELV,Neutral,10,2025-12-26
ELV,Positive,12,2025-12-26
ENPH,Negative,3,2025-12-26
ENPH,Neutral,7,2025-12-26
ENPH,Positive,7,2025-12-26
EQIX,Negative,2,2025-12-26
EQIX,Neutral,8,2025-12-26
EQIX,Positive,16,2025-12-26
ETSY,Negative,1,2025-12-26
ETSY,Neutral,5,2025-12-26
ETSY,Positive,6,2025-12-26
EW,Negative,1,2025-12-26
EW,Neutral,3,2025-12-26
EW,Positive,12,2025-12-26
EXAS,Neutral,1,2025-12-26
EXAS,Positive,2,2025-12-26
FANG,Negative,3,2025-12-26
FANG,Neutral,4,2025-12-26
FANG,Positive,9,2025-12-26
FDS,Negative,7,2025-12-26
FDS,Neutral,11,2025-12-26
FDS,Positive,17,2025-12-26
FERG,Neutral,2,2025-12-26
FERG,Positive,1,2025-12-26
FFIV,Negative,3,2025-12-26
FFIV,Neutral,4,2025-12-26
FFIV,Positive,5,2025-12-26
FICO,Negative,2,2025-12-26
FICO,Neutral,3,2025-12-26
FICO,Positive,7,2025-12-26
FISV,Negative,9,2025-12-26
FISV,Neutral,7,2025-12-26
FISV,Positive,14,2025-12-26
FLEX,Negative,2,2025-12-26
FLEX,Neutral,10,2025-12-26
FLEX,Positive,16,2025-12-26
FTNT,Negative,6,2025-12-26
FTNT,Neutral,8,2025-12-26
FTNT,Positive,16,2025-12-26
FTV,Negative,1,2025-12-26
FTV,Neutral,2,2025-12-26
FTV,Positive,7,2025-12-26
GEHC,Negative,2,2025-12-26
GEHC,Neutral,11,2025-12-26
GEHC,Positive,24,2025-12-26
GILD,Negative,2,2025-12-26
GILD,Neutral,16,2025-12-26
GILD,Positive,26,2025-12-26
GLW,Neutral,5,2025-12-26
GLW,Positive,13,2025-12-26
GM,Negative,6,2025-12-26
GM,Neutral,21,2025-12-26
GM,Positive,38,2025-12-26
GOOG,Negative,3,2025-12-26
GOOG,Neutral,20,2025-12-26
GOOG,Positive,25,2025-12-26
GOOGL,Negative,3,2025-12-26
GOOGL,Neutral,28,2025-12-26
GOOGL,Positive,26,2025-12-26
GRMN,Negative,5,2025-12-26
GRMN,Neutral,3,2025-12-26
GRMN,Positive,6,2025-12-26
GS,Negative,20,2025-12-26
GS,Neutral,55,2025-12-26
GS,Positive,86,2025-12-26
HCA,Negative,8,2025-12-26
HCA,Neutral,5,2025-12-26
HCA,Positive,12,2025-12-26
HD,Negative,32,2025-12-26
HD,Neutral,39,2025-12-26
HD,Positive,43,2025-12-26
HIMS,Negative,6,2025-12-26
HIMS,Neutral,9,2025-12-26
HIMS,Positive,25,2025-12-26
HOLX,Negative,1,2025-12-26
HOLX,Neutral,7,2025-12-26
HOLX,Positive,9,2025-12-26
HON,Negative,10,2025-12-26
HON,Neutral,16,2025-12-26
HON,Positive,18,2025-12-26
HOOD,Negative,21,2025-12-26
HOOD,Neutral,56,2025-12-26
HOOD,Positive,47,2025-12-26
HPQ,Negative,7,2025-12-26
HPQ,Neutral,6,2025-12-26
HPQ,Positive,13,2025-12-26
HSY,Negative,11,2025-12-26
HSY,Neutral,7,2025-12-26
HSY,Positive,12,2025-12-26
HUBS,Negative,2,2025-12-26
HUBS,Neutral,3,2025-12-26
HUBS,Positive,6,2025-12-26
HUM,Negative,6,2025-12-26
HUM,Neutral,12,2025-12-26
HUM,Positive,10,2025-12-26
IBM,Negative,4,2025-12-26
IBM,Neutral,7,2025-12-26
IBM,Positive,16,2025-12-26
IDXX,Negative,2,2025-12-26
IDXX,Neutral,2,2025-12-26
IDXX,Positive,9,2025-12-26
ILMN,Negative,1,2025-12-26
ILMN,Neutral,2,2025-12-26
ILMN,Positive,9,2025-12-26
INTC,Negative,27,2025-12-26
INTC,Neutral,46,2025-12-26
INTC,Positive,48,2025-12-26
INTU,Negative,4,2025-12-26
INTU,Neutral,16,2025-12-26
INTU,Positive,26,2025-12-26
ISRG,Negative,8,2025-12-26
ISRG,Neutral,5,2025-12-26
ISRG,Positive,29,2025-12-26
IT,Negative,3,2025-12-26
IT,Neutral,12,2025-12-26
IT,Positive,17,2025-12-26
JEF,Negative,6,2025-12-26
JEF,Neutral,9,2025-12-26
JEF,Positive,22,2025-12-26
JNJ,Negative,4,2025-12-26
JNJ,Neutral,16,2025-12-26
JNJ,Positive,42,2025-12-26
JOBY,Negative,5,2025-12-26
JOBY,Neutral,9,2025-12-26
JOBY,Positive,14,2025-12-26
JPM,Negative,14,2025-12-26
JPM,Neutral,44,2025-12-26
JPM,Positive,31,2025-12-26
KEYS,Negative,2,2025-12-26
KEYS,Neutral,9,2025-12-26
KEYS,Positive,14,2025-12-26
KLAC,Negative,1,2025-12-26
KLAC,Neutral,7,2025-12-26
KLAC,Positive,22,2025-12-26
LEN,Negative,32,2025-12-26
LEN,Neutral,22,2025-12-26
LEN,Positive,12,2025-12-26
LHX,Negative,3,2025-12-26
LHX,Neutral,6,2025-12-26
LHX,Positive,15,2025-12-26
LIN,Negative,4,2025-12-26
LIN,Neutral,3,2025-12-26
LIN,Positive,7,2025-12-26
LLY,Negative,7,2025-12-26
LLY,Neutral,33,2025-12-26
LLY,Positive,80,2025-12-26
LMT,Negative,13,2025-12-26
LMT,Neutral,11,2025-12-26
LMT,Positive,32,2025-12-26
LRCX,Negative,2,2025-12-26
LRCX,Neutral,14,2025-12-26
LRCX,Positive,38,2025-12-26
LTRX,Neutral,1,2025-12-26
LULU,Negative,36,2025-12-26
LULU,Neutral,60,2025-12-26
LULU,Positive,56,2025-12-26
LYV,Negative,7,2025-12-26
LYV,Neutral,5,2025-12-26
LYV,Positive,3,2025-12-26
MA,Negative,11,2025-12-26
MA,Neutral,31,2025-12-26
MA,Positive,52,2025-12-26
MCHP,Negative,2,2025-12-26
MCHP,Neutral,10,2025-12-26
MCHP,Positive,19,2025-12-26
MCK,Negative,3,2025-12-26
MCK,Neutral,6,2025-12-26
MCK,Positive,13,2025-12-26
MDT,Negative,4,2025-12-26
MDT,Neutral,11,2025-12-26
MDT,Positive,25,2025-12-26
MELI,Negative,7,2025-12-26
MELI,Neutral,7,2025-12-26
MELI,Positive,27,2025-12-26
META,Negative,8,2025-12-26
META,Neutral,43,2025-12-26
META,Positive,35,2025-12-26
MGM,Negative,2,2025-12-26
MGM,Neutral,5,2025-12-26
MGM,Positive,6,2025-12-26
MOH,Negative,7,2025-12-26
MOH,Neutral,4,2025-12-26
MOH,Positive,6,2025-12-26
MPWR,Negative,4,2025-12-26
MPWR,Neutral,6,2025-12-26
MPWR,Positive,14,2025-12-26
MRK,Negative,7,2025-12-26
MRK,Neutral,15,2025-12-26
MRK,Positive,54,2025-12-26
MRVL,Negative,19,2025-12-26
MRVL,Neutral,23,2025-12-26
MRVL,Positive,77,2025-12-26
MS,Negative,10,2025-12-26
MS,Neutral,21,2025-12-26
MS,Positive,48,2025-12-26
MSFT,Negative,8,2025-12-26
MSFT,Neutral,21,2025-12-26
MSFT,Positive,43,2025-12-26
MSI,Negative,2,2025-12-26
MSI,Neutral,5,2025-12-26
MSI,Positive,15,2025-12-26
MTCH,Negative,2,2025-12-26
MTCH,Neutral,11,2025-12-26
MTCH,Positive,4,2025-12-26
MU,Negative,13,2025-12-26
MU,Neutral,18,2025-12-26
MU,Positive,104,2025-12-26
NFLX,Negative,28,2025-12-26
NFLX,Neutral,73,2025-12-26
NFLX,Positive,50,2025-12-26
NKE,Negative,42,2025-12-26
NKE,Neutral,49,2025-12-26
NKE,Positive,41,2025-12-26
NOC,Negative,2,2025-12-26
NOC,Neutral,5,2025-12-26
NOC,Positive,23,2025-12-26
NOW,Negative,21,2025-12-26
NOW,Neutral,39,2025-12-26
NOW,Positive,52,2025-12-26
NSC,Negative,7,2025-12-26
NSC,Neutral,18,2025-12-26
NSC,Positive,15,2025-12-26
NVDA,Negative,13,2025-12-26
NVDA,Neutral,41,2025-12-26
NVDA,Positive,75,2025-12-26
NXPI,Negative,2,2025-12-26
NXPI,Neutral,7,2025-12-26
NXPI,Positive,18,2025-12-26
ODFL,Negative,8,2025-12-26
ODFL,Neutral,7,2025-12-26
ODFL,Positive,11,2025-12-26
OKTA,Negative,5,2025-12-26
OKTA,Neutral,18,2025-12-26
OKTA,Positive,28,2025-12-26
ON,Negative,9,2025-12-26
ON,Neutral,10,2025-12-26
ON,Positive,24,2025-12-26
ORCL,Negative,31,2025-12-26
ORCL,Neutral,35,2025-12-26
ORCL,Positive,42,2025-12-26
PANW,Negative,4,2025-12-26
PANW,Neutral,20,2025-12-26
PANW,Positive,26,2025-12-26
PAYX,Negative,12,2025-12-26
PAYX,Neutral,13,2025-12-26
PAYX,Positive,20,2025-12-26
PCAR,Negative,2,2025-12-26
PCAR,Neutral,6,2025-12-26
PCAR,Positive,8,2025-12-26
PCTY,Negative,3,2025-12-26
PCTY,Neutral,2,2025-12-26
PCTY,Positive,2,2025-12-26
PDD,Negative,4,2025-12-26
PDD,Neutral,4,2025-12-26
PDD,Positive,5,2025-12-26
PEP,Negative,13,2025-12-26
PEP,Neutral,27,2025-12-26
PEP,Positive,35,2025-12-26
PFE,Negative,26,2025-12-26
PFE,Neutral,34,2025-12-26
PFE,Positive,47,2025-12-26
PG,Negative,23,2025-12-26
PG,Neutral,36,2025-12-26
PG,Positive,43,2025-12-26
PLD,Negative,3,2025-12-26
PLD,Neutral,5,2025-12-26
PLD,Positive,19,2025-12-26
PLTR,Negative,21,2025-12-26
PLTR,Neutral,38,2025-12-26
PLTR,Positive,83,2025-12-26
POOL,Negative,3,2025-12-26
POOL,Neutral,3,2025-12-26
POOL,Positive,3,2025-12-26
PWR,Neutral,3,2025-12-26
PWR,Positive,15,2025-12-26
QCOM,Negative,1,2025-12-26
QCOM,Neutral,14,2025-12-26
QCOM,Positive,33,2025-12-26
RCL,Negative,9,2025-12-26
RCL,Neutral,12,2025-12-26
RCL,Positive,14,2025-12-26
REGN,Negative,2,2025-12-26
REGN,Neutral,10,2025-12-26
REGN,Positive,19,2025-12-26
RMD,Neutral,6,2025-12-26
RMD,Positive,5,2025-12-26
ROST,Negative,1,2025-12-26
ROST,Neutral,2,2025-12-26
ROST,Positive,13,2025-12-26
RSG,Negative,1,2025-12-26
RSG,Positive,7,2025-12-26
RTX,Neutral,1,2025-12-26
RTX,Positive,6,2025-12-26
SBUX,Negative,17,2025-12-26
SBUX,Neutral,27,2025-12-26
SBUX,Positive,15,2025-12-26
SCHW,Negative,9,2025-12-26
SCHW,Neutral,24,2025-12-26
SCHW,Positive,34,2025-12-26
SHOP,Negative,8,2025-12-26
SHOP,Neutral,16,2025-12-26
SHOP,Positive,53,2025-12-26
SMCI,Negative,12,2025-12-26
SMCI,Neutral,9,2025-12-26
SMCI,Positive,20,2025-12-26
SNOW,Negative,6,2025-12-26
SNOW,Neutral,9,2025-12-26
SNOW,Positive,13,2025-12-26
SOFI,Negative,3,2025-12-26
SOFI,Neutral,8,2025-12-26
SOFI,Positive,13,2025-12-26
SOUN,Negative,3,2025-12-26
SOUN,Neutral,4,2025-12-26
SOUN,Positive,14,2025-12-26
SPGI,Negative,6,2025-12-26
SPGI,Neutral,13,2025-12-26
SPGI,Positive,8,2025-12-26
STX,Negative,5,2025-12-26
STX,Neutral,7,2025-12-26
STX,Positive,26,2025-12-26
SWKS,Negative,4,2025-12-26
SWKS,Neutral,3,2025-12-26
SWKS,Positive,1,2025-12-26
TEAM,Negative,5,2025-12-26
TEAM,Neutral,4,2025-12-26
TEAM,Positive,12,2025-12-26
TECH,Positive,1,2025-12-26
TGT,Negative,27,2025-12-26
TGT,Neutral,35,2025-12-26
TGT,Positive,36,2025-12-26
TMO,Neutral,8,2025-12-26
TMO,Positive,21,2025-12-26
TMUS,Neutral,1,2025-12-26
TOL,Negative,16,2025-12-26
TOL,Neutral,29,2025-12-26
TOL,Positive,15,2025-12-26
TOST,Negative,4,2025-12-26
TOST,Neutral,7,2025-12-26
TOST,Positive,7,2025-12-26
TRMB,Negative,1,2025-12-26
TRMB,Neutral,6,2025-12-26
TRMB,Positive,6,2025-12-26
TROW,Negative,8,2025-12-26
TROW,Neutral,14,2025-12-26
TROW,Positive,24,2025-12-26
TRV,Negative,3,2025-12-26
TRV,Neutral,4,2025-12-26
TRV,Positive,22,2025-12-26
TSLA,Negative,35,2025-12-26
TSLA,Neutral,49,2025-12-26
TSLA,Positive,68,2025-12-26
TTD,Negative,21,2025-12-26
TTD,Neutral,7,2025-12-26
TTD,Positive,16,2025-12-26
TXN,Negative,7,2025-12-26
TXN,Neutral,11,2025-12-26
TXN,Positive,15,2025-12-26
TYL,Negative,2,2025-12-26
TYL,Neutral,5,2025-12-26
TYL,Positive,6,2025-12-26
UI,Negative,1,2025-12-26
UI,Positive,2,2025-12-26
ULTA,Negative,3,2025-12-26
ULTA,Neutral,22,2025-12-26
ULTA,Positive,54,2025-12-26
UNH,Negative,19,2025-12-26
UNH,Neutral,18,2025-12-26
UNH,Positive,30,2025-12-26
UPST,Negative,2,2025-12-26
UPST,Positive,1,2025-12-26
URI,Negative,4,2025-12-26
URI,Neutral,5,2025-12-26
URI,Positive,4,2025-12-26
V,Negative,11,2025-12-26
V,Neutral,48,2025-12-26
V,Positive,67,2025-12-26
VEEV,Negative,4,2025-12-26
VEEV,Neutral,6,2025-12-26
VEEV,Positive,8,2025-12-26
VRSK,Negative,1,2025-12-26
VRSK,Neutral,4,2025-12-26
VRSK,Positive,6,2025-12-26
VRT,Negative,1,2025-12-26
VRT,Neutral,5,2025-12-26
VRT,Positive,14,2025-12-26
VRTX,Negative,3,2025-12-26
VRTX,Neutral,11,2025-12-26
VRTX,Positive,15,2025-12-26
WAT,Negative,1,2025-12-26
WAT,Neutral,4,2025-12-26
WAT,Positive,5,2025-12-26
WBD,Negative,31,2025-12-26
WBD,Neutral,97,2025-12-26
WBD,Positive,43,2025-12-26
WDAY,Negative,10,2025-12-26
WDAY,Neutral,5,2025-12-26
WDAY,Positive,13,2025-12-26
WDC,Negative,4,2025-12-26
WDC,Neutral,8,2025-12-26
WDC,Positive,35,2025-12-26
WIX,Neutral,1,2025-12-26
WIX,Positive,1,2025-12-26
WM,Negative,2,2025-12-26
WM,Neutral,5,2025-12-26
WM,Positive,26,2025-12-26
XEL,Negative,3,2025-12-26
XEL,Neutral,9,2025-12-26
XEL,Positive,9,2025-12-26
ZBH,Negative,4,2025-12-26
ZBH,Neutral,6,2025-12-26
ZBH,Positive,7,2025-12-26
ZM,Negative,2,2025-12-26
ZM,Neutral,7,2025-12-26
ZM,Positive,13,2025-12-26
ZS,Negative,4,2025-12-26
ZS,Neutral,9,2025-12-26
ZS,Positive,20,2025-12-26
